name,price_sale,price_original,discount,url
iPhone 18 Pro 256GB,38790000.0,38990000.0,1.0,https://cellphones.com.vn/iphone-18-pro.html
iPhone 17 Pro 256GB | Chính hãng,31990000.0,34990000.0,9.0,https://cellphones.com.vn/iphone-17-pro.html
iPhone 18 Pro Max 256GB,41990000.0,,,https://cellphones.com.vn/iphone-18-pro-max.html
Samsung Galaxy S26 Ultra 5G 12GB 256GB,30490000.0,36990000.0,18.0,https://cellphones.com.vn/dien-thoai-samsung-galaxy-s26-ultra.html
iPhone 17 Pro Max 256GB | Chính hãng,34490000.0,37990000.0,9.0,https://cellphones.com.vn/iphone-17-pro-max.html
iPhone 17 256GB | Chính hãng,26990000.0,28990000.0,7.0,https://cellphones.com.vn/iphone-17-256gb.html
iPhone 18 Pro Max 2TB,80990000.0,,,https://cellphones.com.vn/iphone-18-pro-max-2tb.html
OPPO Reno16 F 5G 8GB 256GB,14540000.0,15990000.0,9.0,https://cellphones.com.vn/dien-thoai-oppo-reno16-f.html
Samsung Galaxy S26 FE 5G 8GB 128GB,16490000.0,18990000.0,13.0,https://cellphones.com.vn/dien-thoai-samsung-galaxy-s26-fe.html
Samsung Galaxy Z Fold8 Ultra 5G 12GB 256GB,46990000.0,52990000.0,11.0,https://cellphones.com.vn/dien-thoai-samsung-galaxy-z-fold-8-ultra.html
Xiaomi POCO F9 Ultra 5G 12GB 256GB,24290000.0,29990000.0,19.0,https://cellphones.com.vn/dien-thoai-xiaomi-poco-f9-ultra.html
Samsung Galaxy A57 5G 8GB 128GB,11090000.0,12490000.0,11.0,https://cellphones.com.vn/dien-thoai-samsung-galaxy-a57.html
POCO X8 Pro Max 12GB 256GB,13990000.0,16990000.0,18.0,https://cellphones.com.vn/dien-thoai-xiaomi-poco-x8-pro-max.html
Samsung Galaxy A37 5G 8GB 128GB,9700000.0,10790000.0,10.0,https://cellphones.com.vn/dien-thoai-samsung-galaxy-a37.html
iPhone Air 256GB | Chính hãng,22990000.0,31990000.0,28.0,https://cellphones.com.vn/iphone-air-256gb.html
iPhone 17 Pro Max 512GB | Chính hãng,40990000.0,44490000.0,8.0,https://cellphones.com.vn/iphone-17-pro-max-512gb.html
Xiaomi Redmi Note 17 4GB 128GB,5790000.0,6990000.0,17.0,https://cellphones.com.vn/dien-thoai-xiaomi-redmi-note-17.html
Samsung Galaxy S25 Ultra 12GB 256GB,25990000.0,33380000.0,22.0,https://cellphones.com.vn/dien-thoai-samsung-galaxy-s25-ultra.html
iPhone 18 Pro 2TB,77490000.0,77990000.0,1.0,https://cellphones.com.vn/iphone-18-pro-2tb.html
Điện thoại iPhone 16 Pro Max 256GB,30990000.0,34990000.0,11.0,https://cellphones.com.vn/iphone-16-pro-max.html
OPPO Find X9s 12GB 256GB,22990000.0,24990000.0,8.0,https://cellphones.com.vn/dien-thoai-oppo-find-x9s.html
Samsung Galaxy Z Fold8 5G 12GB 256GB,40990000.0,46990000.0,13.0,https://cellphones.com.vn/dien-thoai-samsung-galaxy-z-fold-8.html
Xiaomi Redmi Note 17 Pro Max 5G 8GB 512GB,14290000.0,17990000.0,21.0,https://cellphones.com.vn/dien-thoai-xiaomi-redmi-note-17-pro-max-5g.html
iPhone 15 128GB | Chính hãng VN/A,19990000.0,22990000.0,13.0,https://cellphones.com.vn/iphone-15.html
Nubia Neo 5 5G 8GB 128GB,6190000.0,7490000.0,17.0,https://cellphones.com.vn/dien-thoai-nubia-neo-5-5g.html
Samsung Galaxy S25 FE 8GB 128GB,13390000.0,16690000.0,20.0,https://cellphones.com.vn/dien-thoai-samsung-galaxy-s25-fe.html
Samsung Galaxy A17 5G 8GB 128GB,6190000.0,8790000.0,30.0,https://cellphones.com.vn/dien-thoai-samsung-galaxy-a17-5g.html
iPhone 17 Pro 512GB | Chính hãng,38490000.0,41490000.0,7.0,https://cellphones.com.vn/iphone-17-pro-512gb.html
Samsung Galaxy Z Flip8 5G 12GB 256GB,27490000.0,31990000.0,14.0,https://cellphones.com.vn/dien-thoai-samsung-galaxy-z-flip-8.html
Nubia Neo 5 5G 8GB 256GB,7190000.0,8490000.0,15.0,https://cellphones.com.vn/dien-thoai-nubia-neo-5-5g-8gb-256gb.html
Xiaomi Redmi Note 17 5G 6GB 128GB,7590000.0,8990000.0,16.0,https://cellphones.com.vn/dien-thoai-xiaomi-redmi-note-17-5g.html
iPhone 13 128GB | Chính hãng VN/A,14990000.0,15990000.0,6.0,https://cellphones.com.vn/iphone-13.html
iPhone 16e 128GB | Chính hãng VN/A,14290000.0,,,https://cellphones.com.vn/iphone-16e.html
Samsung Galaxy S26 5G 12GB 256GB,21990000.0,25990000.0,15.0,https://cellphones.com.vn/dien-thoai-samsung-galaxy-s26.html
Xiaomi Redmi Note 17 Pro 5G 6GB 256GB,9290000.0,11490000.0,19.0,https://cellphones.com.vn/dien-thoai-xiaomi-redmi-note-17-pro-5g.html
iPhone 16 128GB | Chính hãng VN/A,22990000.0,24990000.0,8.0,https://cellphones.com.vn/iphone-16.html
iPhone 17e 256GB | Chính hãng,20490000.0,21990000.0,7.0,https://cellphones.com.vn/iphone-17e.html
Xiaomi 17T 5G 12GB 512GB,15490000.0,20990000.0,26.0,https://cellphones.com.vn/dien-thoai-xiaomi-17t.html
Xiaomi 17 Ultra 5G 16GB 512GB,30290000.0,39990000.0,24.0,https://cellphones.com.vn/dien-thoai-xiaomi-17-ultra.html
iPhone 16 Pro Max 512GB | Chính hãng VN/A,38990000.0,40990000.0,5.0,https://cellphones.com.vn/iphone-16-pro-max-512gb.html
Xiaomi 17T Pro 5G 12GB 512GB,18790000.0,24990000.0,25.0,https://cellphones.com.vn/dien-thoai-xiaomi-17t-pro.html
iPhone 14 128GB  | Chính hãng VN/A,16990000.0,17990000.0,6.0,https://cellphones.com.vn/iphone-14.html
Samsung Galaxy A27 5G 6GB 128GB,7800000.0,8490000.0,8.0,https://cellphones.com.vn/dien-thoai-samsung-galaxy-a27.html
iPhone 15 256GB | Chính hãng VN/A,24990000.0,25990000.0,4.0,https://cellphones.com.vn/iphone-15-256gb.html
iPhone 17 Pro Max 1TB | Chính hãng,47490000.0,50990000.0,7.0,https://cellphones.com.vn/iphone-17-pro-max-1tb.html
Xiaomi POCO F8 Pro 5G 12GB 256GB,15490000.0,18990000.0,18.0,https://cellphones.com.vn/dien-thoai-poco-f8-pro-5g.html
Xiaomi Redmi Note 15 6GB 128GB,5190000.0,5990000.0,13.0,https://cellphones.com.vn/dien-thoai-xiaomi-redmi-note-15.html
iPhone 17 512GB | Chính hãng,32990000.0,35490000.0,7.0,https://cellphones.com.vn/iphone-17-512gb.html
Samsung Galaxy A07 4GB 128GB,3990000.0,4190000.0,5.0,https://cellphones.com.vn/dien-thoai-samsung-galaxy-a07.html
OPPO Find N6 16GB 512GB,64490000.0,64990000.0,1.0,https://cellphones.com.vn/dien-thoai-oppo-find-n6.html
Samsung Galaxy S25 Plus 256GB,19990000.0,26500000.0,25.0,https://cellphones.com.vn/dien-thoai-samsung-galaxy-s25-plus.html
iPhone 16 Plus 128GB | Chính hãng VN/A,24490000.0,27990000.0,13.0,https://cellphones.com.vn/iphone-16-plus.html
iPhone 17 Pro Max 2TB | Chính hãng,60290000.0,63990000.0,6.0,https://cellphones.com.vn/iphone-17-pro-max-2tb.html
iPhone 18 Pro Max 512GB,48490000.0,,,https://cellphones.com.vn/iphone-18-pro-max-512gb.html
OPPO Find X9 Ultra 12GB 512GB,44490000.0,49990000.0,11.0,https://cellphones.com.vn/dien-thoai-oppo-find-x9-ultra.html
Samsung Galaxy A17 8GB 128GB,5590000.0,6190000.0,10.0,https://cellphones.com.vn/dien-thoai-samsung-galaxy-a17.html
Nubia Neo 5 GT 8GB 256GB,8990000.0,9990000.0,10.0,https://cellphones.com.vn/dien-thoai-nubia-neo-5-gt.html
iPhone 17 Pro 1TB | Chính hãng,44690000.0,47990000.0,7.0,https://cellphones.com.vn/iphone-17-pro-1tb.html
HONOR X9d 5G 12GB 256GB,10240000.0,11990000.0,15.0,https://cellphones.com.vn/dien-thoai-honor-x9d-12gb-256gb.html
Xiaomi Redmi A7 3GB 64GB,3190000.0,3890000.0,18.0,https://cellphones.com.vn/dien-thoai-xiaomi-redmi-a7.html
Xiaomi Redmi Note 14 Pro Plus 5G 8GB 256GB,8490000.0,10800000.0,21.0,https://cellphones.com.vn/dien-thoai-xiaomi-redmi-note-14-pro-plus.html
HONOR 600 5G 8GB 256GB,14490000.0,17990000.0,19.0,https://cellphones.com.vn/dien-thoai-honor-600.html
HONOR X9d 5G 8GB 256GB,8740000.0,10990000.0,20.0,https://cellphones.com.vn/dien-thoai-honor-x9d-8gb-256gb.html
Xiaomi Redmi Note 15 5G 6GB 128GB,5990000.0,7490000.0,20.0,https://cellphones.com.vn/dien-thoai-xiaomi-redmi-note-15-5g.html
Samsung Galaxy A56 5G 8GB 128GB,8990000.0,9810000.0,8.0,https://cellphones.com.vn/dien-thoai-samsung-galaxy-a56.html
Xiaomi Redmi Note 15 Pro 12GB 256GB,7990000.0,10090000.0,21.0,https://cellphones.com.vn/dien-thoai-xiaomi-redmi-note-15-pro.html
Xiaomi Redmi Note 15 Pro 5G 12GB 256GB,9990000.0,11490000.0,13.0,https://cellphones.com.vn/dien-thoai-xiaomi-redmi-note-15-pro-5g.html
Samsung Galaxy Z Fold8 Ultra 5G 12GB 512GB,52490000.0,58990000.0,11.0,https://cellphones.com.vn/dien-thoai-samsung-galaxy-z-fold-8-ultra-512gb.html
iPhone 16e 256GB | Chính hãng VN/A,16190000.0,,,https://cellphones.com.vn/iphone-16e-256gb.html
iPhone 16 Plus 256GB | Chính hãng VN/A,27890000.0,30990000.0,10.0,https://cellphones.com.vn/iphone-16-plus-256gb.html
Samsung Galaxy S24 Ultra 12GB 256GB,25290000.0,29450000.0,14.0,https://cellphones.com.vn/samsung-galaxy-s24-ultra.html
Samsung Galaxy A07 5G 4GB 128GB,4990000.0,5890000.0,15.0,https://cellphones.com.vn/dien-thoai-samsung-galaxy-a07-5g.html
OPPO Reno15 5G 12GB 256GB,14990000.0,16990000.0,12.0,https://cellphones.com.vn/dien-thoai-oppo-reno15.html
Samsung Galaxy Z Fold7 12GB 256GB,40990000.0,46990000.0,13.0,https://cellphones.com.vn/dien-thoai-samsung-galaxy-z-fold-7.html
Samsung Galaxy Z Fold8 5G 12GB 512GB,46990000.0,52990000.0,11.0,https://cellphones.com.vn/dien-thoai-samsung-galaxy-z-fold-8-512gb.html
POCO X8 Pro Max 12GB 512GB,14790000.0,17990000.0,18.0,https://cellphones.com.vn/dien-thoai-xiaomi-poco-x8-pro-max-12gb-512gb.html
HONOR 400 5G 12GB 256GB,10990000.0,13250000.0,17.0,https://cellphones.com.vn/dien-thoai-honor-400-5g.html
OPPO Reno15 F 5G 8GB 256GB,11990000.0,,,https://cellphones.com.vn/dien-thoai-oppo-reno15-f.html
iPhone 17e 512GB | Chính hãng,26990000.0,28490000.0,5.0,https://cellphones.com.vn/iphone-17e-512gb.html
HONOR X7d 8GB 128GB,5240000.0,6990000.0,25.0,https://cellphones.com.vn/dien-thoai-honor-x7d-8gb-128gb.html
Xiaomi POCO F9 Ultra 5G 16GB 512GB,26290000.0,31990000.0,18.0,https://cellphones.com.vn/dien-thoai-xiaomi-poco-f9-ultra-16gb-512gb.html
Samsung Galaxy S24 Plus 12GB 256GB,15490000.0,18650000.0,17.0,https://cellphones.com.vn/samsung-galaxy-s24-plus.html
Samsung Galaxy S26 Plus 5G 12GB 256GB,23990000.0,29990000.0,20.0,https://cellphones.com.vn/dien-thoai-samsung-galaxy-s26-plus.html
Điện thoại Meizu Mblu Note 21 Pro NFC 8GB 256GB,4790000.0,4990000.0,4.0,https://cellphones.com.vn/dien-thoai-meizu-mblu-note-21-pro.html
Nubia Neo 5 GT Special Edition 12GB 256GB,13990000.0,,,https://cellphones.com.vn/dien-thoai-nubia-neo-5-gt-special-edition.html
Nubia Neo 5 Max 5G 8GB 256GB,8790000.0,9290000.0,5.0,https://cellphones.com.vn/dien-thoai-nubia-neo-5-max.html
TECNO CAMON 40 8GB 128GB,5190000.0,5890000.0,12.0,https://cellphones.com.vn/dien-thoai-tecno-camon-40.html
HONOR X8d 8GB 128GB,6340000.0,8090000.0,22.0,https://cellphones.com.vn/dien-thoai-honor-x8d.html
Xiaomi 17 Ultra 5G 16GB 1TB,34990000.0,42990000.0,19.0,https://cellphones.com.vn/dien-thoai-xiaomi-17-ultra-16gb-1tb.html
Nubia Neo 3 GT 12GB 256GB,7490000.0,,,https://cellphones.com.vn/dien-thoai-nubia-neo-3-gt-12gb-256gb.html
HONOR 400 Pro 5G 12GB 512GB,15790000.0,18660000.0,15.0,https://cellphones.com.vn/dien-thoai-honor-400-pro-5g.html
Samsung Galaxy A36 5G 8GB 128GB,7490000.0,8140000.0,8.0,https://cellphones.com.vn/dien-thoai-samsung-galaxy-a36.html
Nubia V80 Design 8GB 128GB,3990000.0,,,https://cellphones.com.vn/dien-thoai-nubia-v80-design.html
Xiaomi Redmi 15 5G 8GB 256GB,5990000.0,6690000.0,10.0,https://cellphones.com.vn/dien-thoai-xiaomi-redmi-15-5g-8gb-256gb.html
Nothing Phone 2A Plus 5G 12GB 256GB,7990000.0,11490000.0,30.0,https://cellphones.com.vn/dien-thoai-nothing-phone-2a-plus.html
Xiaomi 17T Pro 12GB 1TB,20390000.0,26990000.0,24.0,https://cellphones.com.vn/dien-thoai-xiaomi-17t-pro-12gb-1tb.html
Xiaomi 15 Ultra 5G 16GB 1TB,28490000.0,38250000.0,26.0,https://cellphones.com.vn/dien-thoai-xiaomi-15-ultra-1tb.html
Samsung Galaxy S26 Ultra 5G 12GB 512GB,35990000.0,42990000.0,16.0,https://cellphones.com.vn/dien-thoai-samsung-galaxy-s26-ultra-12gb-512gb.html
iPhone 18 Pro Max 1TB,61490000.0,,,https://cellphones.com.vn/iphone-18-pro-max-1tb.html
OPPO Reno12 5G 12GB 256GB,9690000.0,12990000.0,25.0,https://cellphones.com.vn/dien-thoai-oppo-reno12-5g.html
Samsung Galaxy Z Fold8 Ultra 5G 16GB 1TB,61390000.0,70990000.0,14.0,https://cellphones.com.vn/dien-thoai-samsung-galaxy-z-fold-8-ultra-1tb.html
Samsung Galaxy S26 5G 12GB 512GB,28990000.0,31990000.0,9.0,https://cellphones.com.vn/dien-thoai-samsung-galaxy-s26-12gb-512gb.html
Xiaomi POCO F9 Ultra 5G 16GB 1TB,30290000.0,39990000.0,24.0,https://cellphones.com.vn/dien-thoai-xiaomi-poco-f9-ultra-16gb-1tb.html
Samsung Galaxy S25 256GB,17490000.0,22580000.0,23.0,https://cellphones.com.vn/dien-thoai-samsung-galaxy-s25.html
iPhone 18 Pro 512GB,45490000.0,,,https://cellphones.com.vn/iphone-18-pro-512gb.html
Sony Xperia 1 VIII 5G 12GB 256GB,37990000.0,38990000.0,3.0,https://cellphones.com.vn/dien-thoai-sony-xperia-1-viii.html
Samsung Galaxy Z Fold 6 12GB 256GB,29990000.0,43990000.0,32.0,https://cellphones.com.vn/samsung-galaxy-z-fold-6.html
Samsung Galaxy S25 Edge 5G 12GB 256GB,18990000.0,29450000.0,36.0,https://cellphones.com.vn/dien-thoai-samsung-galaxy-s25-edge.html
iPhone 18 Pro 1TB,57990000.0,58490000.0,1.0,https://cellphones.com.vn/iphone-18-pro-1tb.html
Xiaomi Redmi Note 14 6GB 128GB,4690000.0,4900000.0,4.0,https://cellphones.com.vn/dien-thoai-xiaomi-redmi-note-14.html
Xiaomi Redmi Note 14 5G 8GB 256GB,6490000.0,7160000.0,9.0,https://cellphones.com.vn/dien-thoai-xiaomi-redmi-note-14-5g.html
Samsung Galaxy S25 FE 8GB 512GB,18990000.0,25690000.0,26.0,https://cellphones.com.vn/dien-thoai-samsung-galaxy-s25-fe-8gb-512gb.html
Xiaomi Redmi 15C 4GB 128GB NFC,3790000.0,4690000.0,19.0,https://cellphones.com.vn/dien-thoai-xiaomi-redmi-15c.html
Xiaomi Redmi 17 6GB 256GB,6290000.0,7490000.0,16.0,https://cellphones.com.vn/dien-thoai-xiaomi-redmi-17.html
Samsung Galaxy A06 5G 4GB 128GB,2590000.0,3920000.0,34.0,https://cellphones.com.vn/dien-thoai-samsung-galaxy-a06-5g.html
Samsung Galaxy S25 Ultra 512GB,28990000.0,39490000.0,27.0,https://cellphones.com.vn/dien-thoai-samsung-galaxy-s25-ultra-512gb.html
Xiaomi Redmi 15C 8GB 256GB NFC,4990000.0,5690000.0,12.0,https://cellphones.com.vn/dien-thoai-xiaomi-redmi-15c-8gb-256gb.html
Xiaomi Redmi A7 Pro 4GB 128GB NFC,3890000.0,4490000.0,13.0,https://cellphones.com.vn/dien-thoai-xiaomi-redmi-a7-pro.html
Điện thoại Itel P55 Plus NFC 8GB 256GB,3590000.0,3990000.0,10.0,https://cellphones.com.vn/dien-thoai-itel-p55-plus-8gb-256gb.html
OPPO Find X8 16GB 512GB,19490000.0,22990000.0,15.0,https://cellphones.com.vn/dien-thoai-oppo-find-x8.html
HONOR Magic V5 16GB 512GB,33490000.0,44990000.0,26.0,https://cellphones.com.vn/dien-thoai-honor-magic-v5.html
HONOR X7d 8GB 256GB,5540000.0,7190000.0,23.0,https://cellphones.com.vn/dien-thoai-honor-x7d.html
Samsung Galaxy Z Fold8 5G 16GB 1TB,56090000.0,64990000.0,14.0,https://cellphones.com.vn/dien-thoai-samsung-galaxy-z-fold-8-1tb.html
Xiaomi 15 Ultra 5G 16GB 512GB,25990000.0,34360000.0,24.0,https://cellphones.com.vn/dien-thoai-xiaomi-15-ultra.html
Meizu Lucky 08 5G 12GB 256GB,6290000.0,7490000.0,16.0,https://cellphones.com.vn/dien-thoai-meizu-lucky-08.html
Tecno Pova Curve 2 5G 8GB 128GB,8990000.0,10990000.0,18.0,https://cellphones.com.vn/dien-thoai-tecno-pova-curve-2-5g.html
OPPO Reno10 Pro+ 5G 12GB 256GB,10490000.0,13990000.0,25.0,https://cellphones.com.vn/oppo-reno10-pro-plus.html
Nubia Neo 5 GT 12GB 256GB,9990000.0,11490000.0,13.0,https://cellphones.com.vn/dien-thoai-nubia-neo-5-gt-12gb-256gb.html
Nubia V80 Max 8GB 256GB,4690000.0,4990000.0,6.0,https://cellphones.com.vn/dien-thoai-nubia-v80-max.html
HONOR X9d 5G 12GB 512GB,11290000.0,12990000.0,13.0,https://cellphones.com.vn/dien-thoai-honor-x9d.html
Xiaomi Redmi 17 5G 4GB 128GB,5190000.0,6490000.0,20.0,https://cellphones.com.vn/dien-thoai-xiaomi-redmi-17-5g.html
Samsung Galaxy S26 Ultra 5G 16GB 1TB,41990000.0,51990000.0,19.0,https://cellphones.com.vn/dien-thoai-samsung-galaxy-s26-ultra-16gb-1tb.html
OPPO A6c 4GB 128GB,5490000.0,5690000.0,4.0,https://cellphones.com.vn/dien-thoai-oppo-a6c-4gb-128gb.html
Sony Xperia 1 VII 12GB 256GB,23990000.0,34990000.0,31.0,https://cellphones.com.vn/dien-thoai-sony-xperia-1-vii.html
Samsung Galaxy A55 5G 8GB 128GB,7590000.0,9990000.0,24.0,https://cellphones.com.vn/samsung-galaxy-a55.html
Xiaomi 15T Pro 5G 12GB 512GB,15990000.0,19490000.0,18.0,https://cellphones.com.vn/dien-thoai-xiaomi-15t-pro-5g.html
HONOR Win RT,,,,https://cellphones.com.vn/dien-thoai-honor-win-rt.html
TECNO Spark 40 Pro+ 8GB 256GB,5190000.0,5690000.0,9.0,https://cellphones.com.vn/dien-thoai-tecno-spark-40-pro-plus.html
OPPO A6t Pro 8GB 128GB,10990000.0,,,https://cellphones.com.vn/dien-thoai-oppo-a6t-pro.html
Sony Xperia 10 VII 8GB 128GB,9990000.0,13490000.0,26.0,https://cellphones.com.vn/dien-thoai-sony-xperia-10-vii.html
OPPO A6t 4GB 128GB,6230000.0,7090000.0,12.0,https://cellphones.com.vn/dien-thoai-oppo-a6t-4gb-128gb.html
Điện thoại Meizu Mblu 22 Pro NFC 4GB 128GB,3490000.0,3990000.0,13.0,https://cellphones.com.vn/dien-thoai-meizu-mblu-22-pro.html
OPPO A6c 4GB 64GB,4490000.0,4690000.0,4.0,https://cellphones.com.vn/dien-thoai-oppo-a6c.html
ZTE Nubia Z60S Pro 16GB 512GB,11490000.0,12000000.0,4.0,https://cellphones.com.vn/dien-thoai-zte-nubia-z60s-pro-16gb-512gb.html
iPhone Duo 256GB,64990000.0,,,https://cellphones.com.vn/iphone-duo-256gb.html
OPPO Reno14 5G 12GB 256GB,15500000.0,15990000.0,3.0,https://cellphones.com.vn/dien-thoai-oppo-reno14.html
Nothing Phone 3A 8GB 128GB,8790000.0,8990000.0,2.0,https://cellphones.com.vn/dien-thoai-nothing-phone-3a.html
OPPO A6t 6GB 256GB,7940000.0,8990000.0,12.0,https://cellphones.com.vn/dien-thoai-oppo-a6t-6gb-256gb.html
realme GT Neo 3,,,,https://cellphones.com.vn/realme-gt-neo-3.html
iPhone 16 Pro 1TB | Chính hãng VN/A,35990000.0,43990000.0,18.0,https://cellphones.com.vn/iphone-16-pro-1tb.html
Huawei Mate X7 16GB 512GB,42990000.0,54990000.0,22.0,https://cellphones.com.vn/dien-thoai-huawei-mate-x7.html
OPPO Find X9 16GB 512GB,26990000.0,,,https://cellphones.com.vn/dien-thoai-oppo-find-x9-16gb-512gb.html
OPPO A79 5G 8GB 256GB,7060000.0,7490000.0,6.0,https://cellphones.com.vn/oppo-a79.html
OPPO A6t 4GB 64GB,4840000.0,4990000.0,3.0,https://cellphones.com.vn/dien-thoai-oppo-a6t.html
OPPO Find X5 Pro 5G 12GB 256GB,12990000.0,15990000.0,19.0,https://cellphones.com.vn/oppo-find-x5-pro.html
Xiaomi 15 5G 12GB 512GB,18990000.0,26500000.0,28.0,https://cellphones.com.vn/dien-thoai-xiaomi-15-12gb-512gb.html
Samsung Galaxy Note 10+ (Plus),26990000.0,,,https://cellphones.com.vn/samsung-galaxy-note-10-plus.html
Nubia V80 Max 6GB 128GB,3890000.0,3990000.0,3.0,https://cellphones.com.vn/dien-thoai-nubia-v80-max-6gb-128gb.html
Điện thoại Meizu Mblu 22 4GB 128GB,2990000.0,3390000.0,12.0,https://cellphones.com.vn/dien-thoai-meizu-mblu-22-4gb-128gb.html
TECNO Spark 50 4GB 128GB,4790000.0,4990000.0,4.0,https://cellphones.com.vn/dien-thoai-tecno-spark-50.html
OPPO Find N3 16GB 512GB,26990000.0,44990000.0,40.0,https://cellphones.com.vn/oppo-find-n3.html
Điện thoại trẻ em Masstel Alfa 5,1050000.0,1390000.0,24.0,https://cellphones.com.vn/dien-thoai-masstel-alfa-5.html
Meizu Lucky 08 5G 8GB 256GB,5790000.0,6490000.0,11.0,https://cellphones.com.vn/dien-thoai-meizu-lucky-08-8gb-256gb.html
OPPO A6 8GB 256GB,10740000.0,11990000.0,10.0,https://cellphones.com.vn/dien-thoai-oppo-a6.html
Samsung Galaxy S20,21490000.0,,,https://cellphones.com.vn/samsung-galaxy-s20.html
Nubia Neo 3 4G 8GB 128GB,5290000.0,6490000.0,18.0,https://cellphones.com.vn/dien-thoai-nubia-neo-3-4g.html
HONOR X7d 5G 8GB 256GB,6540000.0,7990000.0,18.0,https://cellphones.com.vn/dien-thoai-honor-x7d-5g-8gb-256gb.html
Nubia V80 Design 4GB 128GB,3690000.0,3990000.0,8.0,https://cellphones.com.vn/dien-thoai-nubia-v80-design-4gb-128gb.html
OPPO Reno12 F 5G 8GB 256GB,7120000.0,9490000.0,25.0,https://cellphones.com.vn/dien-thoai-oppo-reno12-f.html
Samsung Galaxy S26 Plus 5G 12GB 512GB,29990000.0,35990000.0,17.0,https://cellphones.com.vn/dien-thoai-samsung-galaxy-s26-plus-12gb-512gb.html
Nubia Air 5G 8GB 256GB,5490000.0,5990000.0,8.0,https://cellphones.com.vn/dien-thoai-nubia-air-5g.html
OPPO A6 Pro 8GB 128GB,8290000.0,,,https://cellphones.com.vn/dien-thoai-oppo-a6-pro-8gb-128gb.html
Điện thoại Meizu Mblu 21 6GB 128GB,2790000.0,2990000.0,7.0,https://cellphones.com.vn/dien-thoai-meizu-mblu-21-128gb.html
Nubia Neo 3 5G 8GB 256GB,5090000.0,5490000.0,7.0,https://cellphones.com.vn/dien-thoai-nubia-neo-3-5g.html
Điện thoại Meizu Mblu 22 Pro NFC 6GB 256GB,3690000.0,3990000.0,8.0,https://cellphones.com.vn/dien-thoai-meizu-mblu-22-pro-6gb-256gb.html
Nokia 220 4G,980000.0,1100000.0,11.0,https://cellphones.com.vn/nokia-220-4g.html
Samsung Galaxy S25 Plus 512GB,21590000.0,29490000.0,27.0,https://cellphones.com.vn/dien-thoai-samsung-galaxy-s25-plus-512gb.html
Nothing Phone 2A 5G 8GB 128GB,7190000.0,8990000.0,20.0,https://cellphones.com.vn/dien-thoai-nothing-phone-2a.html
TECNO CAMON 40 Pro 8GB 256GB,5790000.0,6870000.0,16.0,https://cellphones.com.vn/dien-thoai-tecno-camon-40-pro.html
Nubia Neo 5 Max 5G 8GB 512GB,9790000.0,10290000.0,5.0,https://cellphones.com.vn/dien-thoai-nubia-neo-5-max-8gb-512gb.html
vivo iQOO Z9 Turbo,,,,https://cellphones.com.vn/dien-thoai-vivo-qioo-z9-turbo.html
HONOR X6c 6GB 128GB NFC,4190000.0,4590000.0,9.0,https://cellphones.com.vn/dien-thoai-honor-x6c.html
OPPO Find N,,,,https://cellphones.com.vn/oppo-find-n.html
OPPO Reno13 F 5G 12GB 256GB,8990000.0,10990000.0,18.0,https://cellphones.com.vn/dien-thoai-oppo-reno13f-5g.html
Samsung Galaxy A08 4GB 64GB,4640000.0,4790000.0,3.0,https://cellphones.com.vn/dien-thoai-samsung-galaxy-a08.html
Samsung Galaxy M55 12GB 256GB,7990000.0,10990000.0,27.0,https://cellphones.com.vn/dien-thoai-samsung-galaxy-m55.html
Samsung Galaxy S24 8GB 512GB,14990000.0,26490000.0,43.0,https://cellphones.com.vn/samsung-galaxy-s24-512gb.html
Điện thoại Meizu Mblu 22 3GB 64GB,2990000.0,,,https://cellphones.com.vn/dien-thoai-meizu-mblu-22.html
HONOR 400 5G 12GB 512GB,12990000.0,14230000.0,9.0,https://cellphones.com.vn/dien-thoai-honor-400-5g-12gb-512gb.html
Nokia HMD 105 4G,750000.0,,,https://cellphones.com.vn/nokia-hmd-105-4g.html
Samsung Galaxy Z Fold7 12GB 512GB,42290000.0,52990000.0,20.0,https://cellphones.com.vn/dien-thoai-samsung-galaxy-z-fold-7-12gb-512gb.html
TECNO CAMON 40 8GB 256GB,5390000.0,6380000.0,16.0,https://cellphones.com.vn/dien-thoai-tecno-camon-40-8gb-256gb.html
TECNO Spark Go 3 4GB 64GB,3490000.0,3690000.0,5.0,https://cellphones.com.vn/dien-thoai-tecno-spark-go-3.html
Nothing Phone 2A 5G 12GB 256GB,8490000.0,10190000.0,17.0,https://cellphones.com.vn/dien-thoai-nothing-phone-2a-12gb-256gb.html
Samsung Galaxy Z Flip7 12GB 512GB,24990000.0,34990000.0,29.0,https://cellphones.com.vn/dien-thoai-samsung-galaxy-z-flip-7-12gb-512gb.html
Redmi K50 Gaming Edition,,,,https://cellphones.com.vn/redmi-k50-gaming-edition.html
Samsung Galaxy Note 10,13800000.0,22990000.0,40.0,https://cellphones.com.vn/samsung-galaxy-note-10-chinh-hang.html
Điện thoại Meizu Mblu 22 Pro NFC 8GB 256GB,4090000.0,4990000.0,18.0,https://cellphones.com.vn/dien-thoai-meizu-mblu-22-pro-8gb-256gb.html
realme 13+ 5G 8GB 256GB,6590000.0,9490000.0,31.0,https://cellphones.com.vn/dien-thoai-realme-13-plus-5g.html
Samsung Galaxy A06 4GB 128GB,2590000.0,3430000.0,24.0,https://cellphones.com.vn/dien-thoai-samsung-galaxy-a06.html
Xiaomi Redmi Note 11,3890000.0,4690000.0,17.0,https://cellphones.com.vn/xiaomi-redmi-note-11.html
Redmi Turbo 5 Max,,,,https://cellphones.com.vn/dien-thoai-xiaomi-redmi-turbo-5-max.html
Nokia 3210 4G,1470000.0,1490000.0,1.0,https://cellphones.com.vn/nokia-3210-4g.html
Masstel Izi 15 4G,420000.0,450000.0,7.0,https://cellphones.com.vn/masstel-izi-15.html
OPPO A58 4G 6GB 128GB,4090000.0,4990000.0,18.0,https://cellphones.com.vn/oppo-a58.html
Tecno Pova Curve 2 5G 8GB 256GB,9990000.0,12690000.0,21.0,https://cellphones.com.vn/dien-thoai-tecno-pova-curve-2-5g-8gb-256gb.html
vivo Y28 8GB 256GB,6490000.0,,,https://cellphones.com.vn/dien-thoai-vivo-y28-8gb-256gb.html
OPPO A3 8GB 256GB,5780000.0,6490000.0,11.0,https://cellphones.com.vn/dien-thoai-oppo-a3-8gb-256gb.html
Nokia 105 4G Pro,780000.0,,,https://cellphones.com.vn/nokia-105-4g-pro.html
HONOR Power 2,,,,https://cellphones.com.vn/dien-thoai-honor-power-2.html
Xiaomi Redmi Note 12 Pro 4G,,,,https://cellphones.com.vn/xiaomi-redmi-note-12-pro-56074.html
Nokia 110 4G Pro,850000.0,,,https://cellphones.com.vn/nokia-110-4g-pro.html
Xiaomi POCO F8 Ultra 12GB 256GB,,,,https://cellphones.com.vn/dien-thoai-xiaomi-poco-f8-ultra.html
OPPO A5i Pro 8GB 128GB,6290000.0,,,https://cellphones.com.vn/dien-thoai-oppo-a5i-pro.html
OPPO A3 6GB 128GB,4500000.0,4990000.0,10.0,https://cellphones.com.vn/dien-thoai-oppo-a3.html
Điện thoại Samsung Galaxy gập mới,,,,https://cellphones.com.vn/dien-thoai-samsung-galaxy-gap-moi.html
OPPO Reno8 5G (8GB 256GB),13990000.0,,,https://cellphones.com.vn/oppo-reno-8-5g.html
Xiaomi 13 Pro (12GB - 256GB),24490000.0,29990000.0,18.0,https://cellphones.com.vn/xiaomi-13-pro.html
Điện thoại Nubia A56 4GB 128GB,3390000.0,,,https://cellphones.com.vn/dien-thoai-nubia-a56-4gb-128gb.html
Nubia V70 Max 6GB 128GB,2590000.0,,,https://cellphones.com.vn/dien-thoai-nubia-v70-max-6gb-128gb.html
Nubia V80 Max 8GB 128GB,4990000.0,,,https://cellphones.com.vn/dien-thoai-nubia-v80-max-8gb-128gb.html
Xiaomi Redmi Note 12 Turbo,,,,https://cellphones.com.vn/redmi-note-12-turbo.html
Xiaomi Redmi Turbo 4,,,,https://cellphones.com.vn/dien-thoai-xiaomi-redmi-turbo-4.html
Huawei Mate XT Ultimate,,,,https://cellphones.com.vn/dien-thoai-huawei-mate-xt-ultimate.html
vivo iQOO Z9,,,,https://cellphones.com.vn/dien-thoai-vivo-qioo-z9.html
Điện thoại Meizu Mblu 21 4GB 64GB,2290000.0,2490000.0,8.0,https://cellphones.com.vn/dien-thoai-meizu-mblu-21.html
OPPO A58 8GB 128GB,4500000.0,5490000.0,18.0,https://cellphones.com.vn/oppo-a58-8gb-128gb.html
Xiaomi Redmi 13,3990000.0,,,https://cellphones.com.vn/dien-thoai-xiaomi-redmi-13.html
Xiaomi Poco F7 Pro,,,,https://cellphones.com.vn/dien-thoai-xiaomi-poco-f7-pro.html
Honor X5c Plus 4GB 64GB,3390000.0,3690000.0,8.0,https://cellphones.com.vn/dien-thoai-honor-x5c-plus.html
vivo Y16 4GB 128GB,4490000.0,,,https://cellphones.com.vn/vivo-y16.html
HONOR Play 10 4GB 128GB,3690000.0,4390000.0,16.0,https://cellphones.com.vn/dien-thoai-honor-play-10-4gb-128gb.html
Huawei P60 Pro,,,,https://cellphones.com.vn/huawei-p60-pro.html
Honor X5c Plus 4GB 128GB,3790000.0,3990000.0,5.0,https://cellphones.com.vn/dien-thoai-honor-x5c-plus-4gb-128gb.html
Google Pixel 6,,,,https://cellphones.com.vn/google-pixel-6.html
Huawei P60,,,,https://cellphones.com.vn/huawei-p60.html
Xiaomi Black Shark 5,,,,https://cellphones.com.vn/xiaomi-black-shark-5.html
POCO F6,,,,https://cellphones.com.vn/dien-thoai-xiaomi-poco-f6.html
Benco S1 Pro 8GB 256GB,,,,https://cellphones.com.vn/dien-thoai-benco-s1-pro.html
TCL 40 NXT PAPER 8GB 256GB,4490000.0,,,https://cellphones.com.vn/tcl-40-nxt-paper.html
OPPO A7 Pro 5G,,,,https://cellphones.com.vn/dien-thoai-oppo-a7-pro-5g.html
Masstel izi T8,530000.0,550000.0,4.0,https://cellphones.com.vn/dien-thoai-masstel-izi-t8.html
Honor Magic 5 Pro,,,,https://cellphones.com.vn/honor-magic-5-pro.html
Nubia Red Magic 9 Pro,,,,https://cellphones.com.vn/dien-thoai-nubia-red-magic-9-pro.html
Masstel Fami 8 4G,580000.0,600000.0,3.0,https://cellphones.com.vn/dien-thoai-masstel-fami-8.html
Xiaomi 15 Pro,,,,https://cellphones.com.vn/dien-thoai-xiaomi-15-pro.html
Điện thoại Xiaomi 17 Pro Max,,,,https://cellphones.com.vn/dien-thoai-xiaomi-17-pro-max.html
Viettel T2 4G,530000.0,550000.0,4.0,https://cellphones.com.vn/dien-thoai-viettel-t2-4g.html
Honor Magic 6 Pro,,,,https://cellphones.com.vn/dien-thoai-honor-magic-6-pro-77856.html
Masstel izi T5 plus 4G,530000.0,550000.0,4.0,https://cellphones.com.vn/dien-thoai-masstel-izi-t5-plus.html
Honor Magic 5,,,,https://cellphones.com.vn/honor-magic-5.html
Google Pixel 7 Pro,,,,https://cellphones.com.vn/google-pixel-7-pro.html
Masstel Izi S8,485000.0,505000.0,4.0,https://cellphones.com.vn/dien-thoai-masstel-izi-s8.html
OPPO A56,,,,https://cellphones.com.vn/oppo-a56.html
Xiaomi 13 Ultra,,,,https://cellphones.com.vn/xiaomi-13-ultra.html
Xiaomi 18 Pro Max 5G 12GB 256GB,,,,https://cellphones.com.vn/dien-thoai-xiaomi-18-pro-max.html
Xiaomi Redmi K70,,,,https://cellphones.com.vn/xiaomi-redmi-k70.html
Xiaomi 17 5G,,,,https://cellphones.com.vn/dien-thoai-xiaomi-17-5g.html
Xiaomi 18 Pro Max 5G 16GB 512GB,,,,https://cellphones.com.vn/dien-thoai-xiaomi-18-pro-max-16gb-512gb.html
Masstel izi  22,470000.0,490000.0,4.0,https://cellphones.com.vn/dien-thoai-masstel-izi-22.html
Masstel Fami 25,650000.0,680000.0,4.0,https://cellphones.com.vn/dien-thoai-masstel-fami-25.html
Honor X40 5G,,,,https://cellphones.com.vn/honor-x40.html
TECNO Pova 8 8GB 128GB,,,,https://cellphones.com.vn/dien-thoai-tecno-pova-8.html
Nothing Phone 2,,,,https://cellphones.com.vn/nothing-phone-2.html
Google Pixel 9 Pro,,,,https://cellphones.com.vn/dien-thoai-google-pixel-9-pro.html
Huawei Mate X6,,,,https://cellphones.com.vn/dien-thoai-huawei-mate-x6.html
realme GT Neo 5,,,,https://cellphones.com.vn/realme-gt-neo-5.html
Xiaomi 17 5G 12GB 512GB,,,,https://cellphones.com.vn/dien-thoai-xiaomi-17-12gb-512gb.html
Infinix HOT 50i 4GB 128GB,,,,https://cellphones.com.vn/dien-thoai-infinix-hot-50i.html
Masstel izi S5 4G,440000.0,,,https://cellphones.com.vn/dien-thoai-masstel-izi-s5.html
iPhone Duo 512GB,71490000.0,,,https://cellphones.com.vn/iphone-duo-512gb.html
OPPO Find X7 Pro,,,,https://cellphones.com.vn/oppo-find-x7-pro.html
Realme V30,,,,https://cellphones.com.vn/realme-v30.html
Google Pixel 7,,,,https://cellphones.com.vn/google-pixel-7.html
Google Pixel 9,,,,https://cellphones.com.vn/dien-thoai-google-pixel-9.html
Huawei Mate 60 Pro,,,,https://cellphones.com.vn/huawei-mate-60-pro.html
Samsung Galaxy Buddy2,,,,https://cellphones.com.vn/samsung-galaxy-buddy2.html
Điện thoại Xiaomi 17 Pro,,,,https://cellphones.com.vn/dien-thoai-xiaomi-17-pro.html
Meizu 20,,,,https://cellphones.com.vn/meizu-20.html
HONOR 600S 6GB 128GB,,,,https://cellphones.com.vn/dien-thoai-honor-600s.html
Nothing Phone (4a) Pro 5G 12GB/256GB,,,,https://cellphones.com.vn/dien-thoai-nothing-phone-4a-pro.html
Google Pixel Fold,,,,https://cellphones.com.vn/google-pixel-fold.html
Google Pixel 8 Pro,,,,https://cellphones.com.vn/google-pixel-8-pro.html
Xiaomi Redmi K70 Pro,,,,https://cellphones.com.vn/xiaomi-redmi-k70-pro.html
OnePlus Nord N30,,,,https://cellphones.com.vn/oneplus-nord-n30.html
Xiaomi Mix Fold 3,,,,https://cellphones.com.vn/xiaomi-mix-fold-3.html
Honor 200 Pro,,,,https://cellphones.com.vn/dien-thoai-honor-200-pro.html
Redmi K60,,,,https://cellphones.com.vn/xiaomi-redmi-k60.html
Samsung Galaxy M44,,,,https://cellphones.com.vn/samsung-galaxy-m44.html
Infinix GT 20 Pro 12GB 256GB,,,,https://cellphones.com.vn/dien-thoai-infinix-gt-20-pro.html
Xiaomi 18 Pro 5G 12GB 256GB,,,,https://cellphones.com.vn/dien-thoai-xiaomi-18-pro.html
Redmi K60 Pro 5G,,,,https://cellphones.com.vn/xiaomi-redmi-k60-pro.html
OPPO Find X8 Pro 5G 16GB 512GB,,,,https://cellphones.com.vn/dien-thoai-oppo-find-x8-pro.html
huawei p60 art,,,,https://cellphones.com.vn/huawei-p60-art.html
Xiaomi 18 Pro Max 5G 16GB 1TB,,,,https://cellphones.com.vn/dien-thoai-xiaomi-18-pro-max-16gb-1tb.html
Xiaomi 18 Pro 5G 12GB 512GB,,,,https://cellphones.com.vn/dien-thoai-xiaomi-18-pro-12gb-512gb.html
Xiaomi POCO M7,,,,https://cellphones.com.vn/dien-thoai-xiaomi-poco-m7.html
Honor X8A,,,,https://cellphones.com.vn/honor-x8a.html
vivo X90 Pro,,,,https://cellphones.com.vn/vivo-x90-pro.html
Xiaomi Redmi Note 13 Turbo,,,,https://cellphones.com.vn/dien-thoai-xiaomi-redmi-note-13-turbo.html
realme GT6 Pro,,,,https://cellphones.com.vn/dien-thoai-realme-gt6-pro.html
Xiaomi 14 Pro,,,,https://cellphones.com.vn/xiaomi-14-pro.html
OPPO Find X7 5G 12GB 256GB,,,,https://cellphones.com.vn/oppo-find-x7.html
Xiaomi Mi 10 Ultra,,,,https://cellphones.com.vn/xiaomi-mi-10-ultra.html
ViVo iQOO 10 Pro,,,,https://cellphones.com.vn/vivo-iqoo-10-pro.html
realme C75X 8GB-128GB,,,,https://cellphones.com.vn/dien-thoai-realme-c75x.html
iQOO 11,,,,https://cellphones.com.vn/iqoo-11.html
Red Magic 7S Pro,,,,https://cellphones.com.vn/nubia-red-magic-7s-pro.html
Samsung Galaxy A21s 6GB,4690000.0,,,https://cellphones.com.vn/samsung-galaxy-a21s-6gb.html
Nothing Phone 3A 12GB 256GB,9990000.0,10190000.0,2.0,https://cellphones.com.vn/dien-thoai-nothing-phone-3a-12gb-256gb.html
Samsung Galaxy A75,,,,https://cellphones.com.vn/samsung-galaxy-a75.html
Google Pixel 9 Pro XL,,,,https://cellphones.com.vn/dien-thoai-google-pixel-9-pro-xl.html
Điện thoại Xiaomi Poco F7,,,,https://cellphones.com.vn/dien-thoai-xiaomi-poco-f7.html
Vivo X90,,,,https://cellphones.com.vn/vivo-x90.html
OPPO Reno16 Pro,,,,https://cellphones.com.vn/dien-thoai-oppo-reno16-pro.html
Xiaomi POCO F5 Pro,,,,https://cellphones.com.vn/xiaomi-poco-f5-pro.html
OPPO Reno9 Pro,,,,https://cellphones.com.vn/oppo-reno-9-pro.html
ViVo iQOO 10,,,,https://cellphones.com.vn/vivo-iqoo-10.html
ZTE Nubia Z60 Ultra,,,,https://cellphones.com.vn/zte-nubia-z60-ultra.html
OPPO A2m,,,,https://cellphones.com.vn/oppo-a2m.html
Samsung Galaxy Tab S10 FE 5G,,,,https://cellphones.com.vn/dien-thoai-samsung-galaxy-tab-s10-fe-5g-99771.html
Xiaomi Redmi Note 14 Pro 5G 8GB 256GB,,,,https://cellphones.com.vn/xiaomi-redmi-note-14-pro-5g-8gb-256gb.html
OPPO Find N2,,,,https://cellphones.com.vn/oppo-find-n2.html
Xiaomi 18 Pro 5G 16GB 512GB,,,,https://cellphones.com.vn/dien-thoai-xiaomi-18-pro-16gb-512gb.html
Realme GT Neo 6,,,,https://cellphones.com.vn/realme-gt-neo-6.html
Motorola Razr 40 Ultra,,,,https://cellphones.com.vn/motorola-razr-40-ultra.html
Samsung Galaxy A24,,,,https://cellphones.com.vn/samsung-galaxy-a24.html
Samsung Galaxy M16 5G,,,,https://cellphones.com.vn/dien-thoai-samsung-galaxy-m16-5g.html
Vivo Y56,,,,https://cellphones.com.vn/vivo-y56.html
Samsung Galaxy A06s,,,,https://cellphones.com.vn/dien-thoai-samsung-galaxy-a06s.html
OPPO Find X8 Ultra,,,,https://cellphones.com.vn/dien-thoai-oppo-find-x8-ultra.html
Samsung A56 5G 12GB - 256GB,,,,https://cellphones.com.vn/dien-thoai-samsung-galaxy-a56-12gb-256gb.html
Xiaomi Mix Alpha,,,,https://cellphones.com.vn/xiaomi-mix-alpha.html
Nothing Phone (4a) 5G 8GB/128GB,,,,https://cellphones.com.vn/dien-thoai-nothing-phone-4a.html
Samsung Galaxy A74,,,,https://cellphones.com.vn/samsung-galaxy-a74.html
Honor X9,,,,https://cellphones.com.vn/honor-x9.html
Moto G Power 5G,,,,https://cellphones.com.vn/moto-g-power-5g.html
Sharp Aquos R8,,,,https://cellphones.com.vn/sharp-aquos-r8.html
Samsung Galaxy A18 6GB 128GB,,,,https://cellphones.com.vn/dien-thoai-samsung-galaxy-a18.html
vivo iQOO Z9x,,,,https://cellphones.com.vn/dien-thoai-vivo-qioo-z9x.html
HONOR Magic V Flip 2,,,,https://cellphones.com.vn/dien-thoai-honor-magic-v-flip-2.html
Oneplus Ace 2 Pro,,,,https://cellphones.com.vn/oneplus-ace-2-pro.html
Doogee V30 Pro,,,,https://cellphones.com.vn/doogee-v30-pro.html
Samsung Galaxy A16 5G 8GB 256GB,,,,https://cellphones.com.vn/dien-thoai-samsung-galaxy-a16-256gb.html
Xiaomi Redmi Note 14 Pro,,,,https://cellphones.com.vn/dien-thoai-xiaomi-redmi-note-14-pro.html
realme C75 (8GB-128GB),,,,https://cellphones.com.vn/dien-thoai-realme-c75.html
Vivo Y01,,,,https://cellphones.com.vn/vivo-y01.html
Vivo S1,,,,https://cellphones.com.vn/vivo-s1.html
Sony Xperia 10 VIII,,,,https://cellphones.com.vn/dien-thoai-sony-xperia-10-viii.html
OPPO A97,,,,https://cellphones.com.vn/oppo-a97.html
Vivo iQOO 9 Pro,,,,https://cellphones.com.vn/vivo-iqoo-9-pro.html
Huawei Nova 11i,,,,https://cellphones.com.vn/huawei-nova-11i.html
Realme GT3,,,,https://cellphones.com.vn/realme-gt3.html
OPPO A58 8GB 256GB,,,,https://cellphones.com.vn/oppo-a58-256gb.html
realme 10 Pro Plus,,,,https://cellphones.com.vn/realme-10-pro-plus.html
Honor 200 Lite,,,,https://cellphones.com.vn/dien-thoai-honor-200-lite.html
Vivo X90 Pro Plus,,,,https://cellphones.com.vn/vivo-x90-pro-plus.html
Vivo Y66,,,,https://cellphones.com.vn/vivo-y66.html
vivo X Note,,,,https://cellphones.com.vn/vivo-x-note.html
Honor X7,,,,https://cellphones.com.vn/honor-x7.html
Meizu 20 Pro,,,,https://cellphones.com.vn/meizu-20-pro.html
Xiaomi Redmi Note 12T Pro,,,,https://cellphones.com.vn/xiaomi-redmi-note-12t-pro.html
OPPO Find X6 Pro,,,,https://cellphones.com.vn/oppo-find-x6-pro.html
Tecno Spark 7,,,,https://cellphones.com.vn/tecno-spark-7.html
Xperia 10 V,,,,https://cellphones.com.vn/sony-xperia-10v-72444.html
Google Pixel 6a,,,,https://cellphones.com.vn/google-pixel-6-a.html
Xiaomi Redmi A5 4G,,,,https://cellphones.com.vn/dien-thoai-xiaomi-redmi-a5-4g.html
Nothing Phone 3A Pro,,,,https://cellphones.com.vn/dien-thoai-nothing-phone-3a-pro.html
OPPO K10x,,,,https://cellphones.com.vn/oppo-k10x.html
ZenFone 10,,,,https://cellphones.com.vn/asus-zenfone-10.html
Leitz Phone 1,,,,https://cellphones.com.vn/leitz-phone.html
Samsung Galaxy S24FE 5G 8GB 256GB,,,,https://cellphones.com.vn/dien-thoai-samsung-galaxy-s24-fe-256gb.html
Huawei Mate 50E,,,,https://cellphones.com.vn/huawei-mate-50e.html
iQOO Neo 7 Pro,,,,https://cellphones.com.vn/vivo-iqoo-neo-7-pro.html
Realme GT Neo 5 SE,,,,https://cellphones.com.vn/realme-gt-neo-5-se.html
Xiaomi 14 Lite,,,,https://cellphones.com.vn/xiaomi-14-lite.html
OPPO Reno12 F 4G 8GB 256GB,,,,https://cellphones.com.vn/dien-thoai-oppo-reno-12f-4g.html
Xiaomi Poco F4 GT,,,,https://cellphones.com.vn/xiaomi-poco-f4-gt.html
Xiaomi Redmi Note 14 Pro 8GB 128GB,,,,https://cellphones.com.vn/dien-thoai-xiaomi-redmi-note-14-pro-8gb-128gb.html
Realme Narzo 50i Prime,,,,https://cellphones.com.vn/realme-narzo-50i-prime.html
Xiaomi Civi 1S,,,,https://cellphones.com.vn/xiaomi-civi-1s.html
Huawei Enjoy 60X,,,,https://cellphones.com.vn/huawei-enjoy-60x.html
Google Pixel 5,,,,https://cellphones.com.vn/google-pixel-5.html
TCL 406S 4GB 64GB,1990000.0,,,https://cellphones.com.vn/dien-thoai-tcl-406s.html
vivo X100 Pro,,,,https://cellphones.com.vn/dien-thoai-vivo-x100-pro.html
OPPO Reno 11 A,,,,https://cellphones.com.vn/dien-thoai-oppo-reno-11-a.html
Xiaomi Mi 10T,,,,https://cellphones.com.vn/xiaomi-mi-10t.html
Realme V30t,,,,https://cellphones.com.vn/realme-v30t.html
Xiaomi Redmi Note 14 8GB 128GB,,,,https://cellphones.com.vn/dien-thoai-xiaomi-redmi-note-14-8gb-128gb.html
ZTE Nubia Z50 Ultra,,,,https://cellphones.com.vn/zte-nubia-z50-ultra.html
Samsung Galaxy A55 5G 12GB 256GB,,,,https://cellphones.com.vn/dien-thoai-samsung-galaxy-a55-5g-12gb-256gb.html
Samsung W22,,,,https://cellphones.com.vn/samsung-galaxy-w22.html
Redmi Note 12T Pro,,,,https://cellphones.com.vn/redmi-note-12t-pro-64076.html
TCL 40SE 4GB 128GB,3390000.0,,,https://cellphones.com.vn/tcl-40-se.html
Samsung Galaxy A15 5G,,,,https://cellphones.com.vn/dien-thoai-samsung-galaxy-a15-5g.html
realme Narzo 50,,,,https://cellphones.com.vn/realme-narzo-50.html
Nokia X30 5G,,,,https://cellphones.com.vn/nokia-x30.html
OPPO A2x,,,,https://cellphones.com.vn/oppo-a2x.html
Xiaomi Redmi Note 14S,,,,https://cellphones.com.vn/dien-thoai-xiaomi-redmi-note-14s.html
Huawei Nova 10 SE,,,,https://cellphones.com.vn/huawei-nova-10-se.html
OPPO A2,,,,https://cellphones.com.vn/oppo-a2.html
Honor Magic 2,,,,https://cellphones.com.vn/honor-magic-2.html
Samsung A06 5G 4GB-64GB,,,,https://cellphones.com.vn/dien-thoai-samsung-galaxy-a06-4gb-64gb.html
Huawei Nova Y91,,,,https://cellphones.com.vn/huawei-nova-y91.html
Asus Rog Phone 8 ultimate,,,,https://cellphones.com.vn/asus-rog-phone-8-ultimate.html
Nokia 150,,,,https://cellphones.com.vn/nokia-150.html
Motorola Moto G73,,,,https://cellphones.com.vn/motorola-moto-g73.html
Xiaomi POCO C65,,,,https://cellphones.com.vn/xiaomi-poco-c65.html
Tecno Camon Slim 4G 8GB 128GB,,,,https://cellphones.com.vn/dien-thoai-tecno-camon-slim-4g.html
Xiaomi 18 Pro 5G 16GB 1TB,,,,https://cellphones.com.vn/dien-thoai-xiaomi-18-pro-16gb-1tb.html
Vivo V27,,,,https://cellphones.com.vn/vivo-v27.html
OPPO Reno13F 5G 12GB-512GB,,,,https://cellphones.com.vn/dien-thoai-oppo-reno13f-5g-12gb-512gb.html
Honor 80 GT,,,,https://cellphones.com.vn/honor-80-gt.html
Itel A70,,,,https://cellphones.com.vn/itel-a70.html
OPPO A1 Pro,,,,https://cellphones.com.vn/oppo-a1-pro.html
Google Pixel 6 Pro,,,,https://cellphones.com.vn/google-pixel-6-pro.html
HTC Wildfire E3 Lite,,,,https://cellphones.com.vn/htc-wildfire-e3-lite.html
Nubia Red Magic 10,,,,https://cellphones.com.vn/dien-thoai-nubia-red-magic-10.html
vivo Y36 8GB 256GB,,,,https://cellphones.com.vn/dien-thoai-vivo-y36-8gb-256gb-79124.html
Vivo V9,,,,https://cellphones.com.vn/vivo-v9.html
Realme V20 5G,,,,https://cellphones.com.vn/realme-v20.html
Xiaomi Redmi Note 10T,,,,https://cellphones.com.vn/xiaomi-redmi-note-10t.html
Vivo V7,,,,https://cellphones.com.vn/vivo-v7.html
Infinix Note 30 Pro,,,,https://cellphones.com.vn/infinix-note-30-pro.html
Nothing Phone 1,,,,https://cellphones.com.vn/nothing-phone-1.html
Vivo Nex 3,,,,https://cellphones.com.vn/vivo-nex-3.html
Xiaomi Redmi K70e,,,,https://cellphones.com.vn/xiaomi-redmi-k70e.html
Xperia 5 V,,,,https://cellphones.com.vn/sony-xperia-5v.html
Google Pixel 9 Pro Fold,,,,https://cellphones.com.vn/dien-thoai-google-pixel-9-pro-fold.html
Điện thoại Xiaomi 15T Pro 12GB 256GB,,,,https://cellphones.com.vn/dien-thoai-xiaomi-15t-pro-12gb-256gb.html
Xiaomi 14T Pro 8GB 256GB,,,,https://cellphones.com.vn/xiaomi-14t-pro-8gb-256gb.html
Honor X9B,,,,https://cellphones.com.vn/dien-thoai-honor-x9b.html
OPPO A1x,,,,https://cellphones.com.vn/oppo-a1x.html
OPPO K10 Pro,,,,https://cellphones.com.vn/oppo-k10-pro.html
Nubia Redmagic 8s Pro 16GB 512GB Transparent,,,,https://cellphones.com.vn/nubia-redmagic-8s-pro-16gb-512gb-transparent.html
Xiaomi Redmi Note 12R Pro,,,,https://cellphones.com.vn/xiaomi-redmi-note-12r-pro.html
Xiaomi 14 12GB 256GB,,,,https://cellphones.com.vn/xiaomi-14-12gb-256gb-76428.html
Xiaomi Redmi Note 13 12GB 256GB,,,,https://cellphones.com.vn/dien-thoai-xiaomi-redmi-note-13-12gb-256.html
Xiaomi Redmi Note 13R Pro,,,,https://cellphones.com.vn/dien-thoai-xiaomi-redmi-note-13r-pro.html
Huawei Nova 10,,,,https://cellphones.com.vn/huawei-nova-10.html
realme 11X 5G,,,,https://cellphones.com.vn/realme-11x-5g.html
Vivo Y52,,,,https://cellphones.com.vn/vivo-y52.html
Xiaomi 18 Pro Max 5G 12GB 512GB,,,,https://cellphones.com.vn/dien-thoai-xiaomi-18-pro-max-12gb-523gb.html
OPPO Find X6,,,,https://cellphones.com.vn/oppo-find-x6.html
Tecno Phantom V Fold,,,,https://cellphones.com.vn/tecno-phantom-v-fold.html
realme 12 Pro,,,,https://cellphones.com.vn/dien-thoai-realme-12-pro.html
Asus ROG Phone 7 Pro,,,,https://cellphones.com.vn/asus-rog-phone-7-pro.html
Vivo iQOO Neo 8 Pro,,,,https://cellphones.com.vn/vivo-iqoo-neo-8-pro.html
Nokia 130,,,,https://cellphones.com.vn/nokia-130.html
Google Pixel 5a,,,,https://cellphones.com.vn/google-pixel-5-a.html
Leitz Phone 2,,,,https://cellphones.com.vn/leitz-phone-2.html
TCL 408 4GB 64GB,2290000.0,,,https://cellphones.com.vn/tcl-408.html
TCL 505,,,,https://cellphones.com.vn/dien-thoai-tcl-505.html
Xiaomi 14 Ultra 12GB 512GB,,,,https://cellphones.com.vn/xiaomi-14-ultra-12gb-512gb.html
Xiaomi 14 8GB 256GB,,,,https://cellphones.com.vn/xiaomi-14-8gb-256gb.html
vivo S19,,,,https://cellphones.com.vn/dien-thoai-vivo-s19.html
Huawei Nova 12 Pro,,,,https://cellphones.com.vn/huawei-nova-12-pro.html
OPPO Find X7 Ultra 12GB 256GB,,,,https://cellphones.com.vn/oppo-find-x7-ultra.html
OnePlus Ace 2V,,,,https://cellphones.com.vn/oneplus-ace-2v.html
Blackview N6000,,,,https://cellphones.com.vn/blackview-n6000.html
Samsung Galaxy Z Flip 5 8GB 512GB,,,,https://cellphones.com.vn/samsung-galaxy-z-flip-5-512gb-63941.html-1
Motorola Edge plus,,,,https://cellphones.com.vn/motorola-edge-plus.html
vivo V30 Pro,,,,https://cellphones.com.vn/dien-thoai-vivo-v30-pro.html
Tecno Pova 7 Neo,,,,https://cellphones.com.vn/dien-thoai-tecno-pova-7-neo.html
Xiaomi Redmi Note 14 Pro Plus 12GB 512GB,,,,https://cellphones.com.vn/dien-thoai-xiaomi-redmi-note-14-pro-plus-12gb-512gb.html
Motorola Edge 40,,,,https://cellphones.com.vn/motorola-edge-40.html
Oneplus Nord N300,,,,https://cellphones.com.vn/oneplus-nord-n300.html
Honor 80 Pro,,,,https://cellphones.com.vn/honor-80-pro.html
Sony Xperia 5 IV,,,,https://cellphones.com.vn/sony-xperia-5-iv.html
Honor X6,,,,https://cellphones.com.vn/honor-x6.html
Infinix Hot 50 Pro 8GB 256GB,,,,https://cellphones.com.vn/dien-thoai-infinix-hot-50-pro-94168.html
vivo Y200 Pro,,,,https://cellphones.com.vn/dien-thoai-vivo-y200-pro.html
realme 13+ 5G 12GB 256GB,,,,https://cellphones.com.vn/dien-thoai-realme-13-plus-5g-12gb-256gb.html
Vivo Y85,,,,https://cellphones.com.vn/vivo-y85.html
Vivo Y91,,,,https://cellphones.com.vn/vivo-y91.html
Vivo X80 Pro Plus,,,,https://cellphones.com.vn/vivo-x80-pro-plus.html
Tecno Spark 10C,,,,https://cellphones.com.vn/tecno-spark-10c.html
Huawei Pocket S,,,,https://cellphones.com.vn/huawei-pocket-s.html
Oneplus Open,,,,https://cellphones.com.vn/oneplus-open.html
Google Pixel 4 XL,,,,https://cellphones.com.vn/google-pixel-4-xl.html
OnePlus Nord CE 4 Lite,,,,https://cellphones.com.vn/dien-thoai-oneplus-nord-ce-4-lite.html
Samsung A06 5G 6GB - 128GB,,,,https://cellphones.com.vn/dien-thoai-samsung-galaxy-a06-6gb-128gb.html
Samsung A36 5G 8GB - 256GB,,,,https://cellphones.com.vn/dien-thoai-samsung-galaxy-a36-8gb-256gb.html
Vivo Y95,,,,https://cellphones.com.vn/vivo-y95.html
Xiaomi 13S Ultra,,,,https://cellphones.com.vn/xiaomi-13s-ultra.html
Oneplus 12,,,,https://cellphones.com.vn/oneplus-12.html
Honor 90,,,,https://cellphones.com.vn/honor-90.html
vivo IQOO Neo 8,,,,https://cellphones.com.vn/vivo-iqoo-neo-8.html
Motorola Edge 40 Pro,,,,https://cellphones.com.vn/motorola-edge-40-pro.html
Redmi K60 Ultra,,,,https://cellphones.com.vn/redmi-k60-ultra.html
realme GT 5 Pro,,,,https://cellphones.com.vn/realme-gt-5-pro.html
vivo y100i,,,,https://cellphones.com.vn/dien-thoai-vivo-y100i.html
Vivo Y77,,,,https://cellphones.com.vn/vivo-y77.html
Mobell M539 4G,,,,https://cellphones.com.vn/dien-thoai-mobell-m539-4g.html
Samsung Galaxy Note 20 Ultra 5G 512GB,32990000.0,,,https://cellphones.com.vn/samsung-galaxy-note-20-ultra-5g-512-gb.html
Doogee S100 Pro,,,,https://cellphones.com.vn/doogee-s100-pro.html
Samsung A26 5G 8GB - 256GB,,,,https://cellphones.com.vn/dien-thoai-samsung-galaxy-a26-8gb-256gb.html
Realme GT Neo 6,,,,https://cellphones.com.vn/dien-thoai-realme-gt-neo-6.html
Masstel Izi 10 4G,,,,https://cellphones.com.vn/masstel-izi-10-4g.html
OPPO A56s,,,,https://cellphones.com.vn/oppo-a56s.html
OPPO A2 Pro,,,,https://cellphones.com.vn/oppo-a2-pro.html
Sony Xperia X Compact,,,,https://cellphones.com.vn/sony-xperia-x-compact.html
Honor Magic V2,,,,https://cellphones.com.vn/honor-magic-v2.html
OPPO K11,,,,https://cellphones.com.vn/oppo-k11.html
Vivo iQOO Z7x,,,,https://cellphones.com.vn/vivo-iqoo-z7x.html
Vivo X100,,,,https://cellphones.com.vn/vivo-x100.html
Vivo V29,,,,https://cellphones.com.vn/vivo-v29.html
Honor Magic V3,,,,https://cellphones.com.vn/dien-thoai-honor-magic-v3.html
Vivo Y27s,,,,https://cellphones.com.vn/dien-thoai-vivo-y27s.html
Vivo S17,,,,https://cellphones.com.vn/vivo-s17.html
Vivo Y97,,,,https://cellphones.com.vn/vivo-y97.html
Vivo Y67,,,,https://cellphones.com.vn/vivo-y67.html
Xiaomi Redmi Note 12 Pro+,,,,https://cellphones.com.vn/xiaomi-redmi-note-12-pro-plus.html
vivo S19 Pro,,,,https://cellphones.com.vn/dien-thoai-vivo-s19-pro.html
Lenovo Legion Y70,,,,https://cellphones.com.vn/lenovo-legion-y70.html
Vivo Y71,,,,https://cellphones.com.vn/vivo-y71.html
Điện thoại Xiaomi 15T 12GB 256GB,,,,https://cellphones.com.vn/dien-thoai-xiaomi-15t-12gb-256gb.html
Google Pixel 4a,,,,https://cellphones.com.vn/google-pixel-4a.html
Samsung Galaxy C55,,,,https://cellphones.com.vn/dien-thoai-samsung-galaxy-c55.html
Samsung Galaxy A06 4GB 64GB,,,,https://cellphones.com.vn/dien-thoai-samsung-galaxy-a06-64gb.html
OPPO Reno13F 4G 12GB - 256GB,,,,https://cellphones.com.vn/dien-thoai-oppo-reno13f-4g-12gb-256gb.html
Xiaomi Redmi Note 14 Pro 12GB 512GB,,,,https://cellphones.com.vn/dien-thoai-xiaomi-redmi-note-14-pro-12gb-512gb.html
vivo Y200i,,,,https://cellphones.com.vn/dien-thoai-vivo-y200i.html
realme 12 Pro plus,,,,https://cellphones.com.vn/dien-thoai-realme-12-pro-plus.html
Huawei Enjoy 60 Pro,,,,https://cellphones.com.vn/huawei-enjoy-60-pro.html
realme GT 5,,,,https://cellphones.com.vn/realme-gt-5.html
Infinix Zero 5G,,,,https://cellphones.com.vn/infinix-zero-5g.html
Masstel Tab 10.4,,,,https://cellphones.com.vn/masstel-tab-10-4.html
OPPO Reno9 Z,,,,https://cellphones.com.vn/oppo-reno9-z.html
OPPO A1,,,,https://cellphones.com.vn/oppo-a1.html
Vivo iQOO Z6,,,,https://cellphones.com.vn/vivo-iqoo-z6.html
ASUS ROG Phone 6 Mediatek,,,,https://cellphones.com.vn/asus-rog-phone-6-mediatek.html
Blackview A95,,,,https://cellphones.com.vn/blackview-a95.html
Nokia C12,,,,https://cellphones.com.vn/nokia-c12.html
Realme 9 SE 5G,,,,https://cellphones.com.vn/realme-9-se.html
Oneplus Nord CE2,,,,https://cellphones.com.vn/oneplus-nord-ce-2.html
Honor X50i,,,,https://cellphones.com.vn/honor-x50i.html
Samsung A36 5G 12GB - 256GB,,,,https://cellphones.com.vn/dien-thoai-samsung-galaxy-a36-12gb-256gb.html
OnePlus Ace 3 Pro,,,,https://cellphones.com.vn/dien-thoai-oneplus-ace-3-pro.html
Xiaomi Redmi Note 14 Pro 8GB 256GB,,,,https://cellphones.com.vn/dien-thoai-xiaomi-redmi-note-14-pro-8gb-256gb.html
vivo Y200 GT,,,,https://cellphones.com.vn/dien-thoai-vivo-y200-gt.html
OPPO Reno12 F 5G 12GB-256GB,,,,https://cellphones.com.vn/dien-thoai-oppo-reno12-f-12gb-256gb.html
vivo T3x,,,,https://cellphones.com.vn/dien-thoai-vivo-t3x.html
OnePlus V Fold,,,,https://cellphones.com.vn/oneplus-v-fold.html
Vivo Y30 5G,,,,https://cellphones.com.vn/vivo-y30-5g.html
Masstel Play 50,,,,https://cellphones.com.vn/masstel-play-50.html
Huawei Nova 10 Pro,,,,https://cellphones.com.vn/huawei-nova-10-pro.html
Xiaomi 14 Pro 12GB 512GB,,,,https://cellphones.com.vn/xiaomi-14-pro-12gb-512gb.html
Honor X5 Plus,,,,https://cellphones.com.vn/honor-x5-plus.html
TCL 50SE,,,,https://cellphones.com.vn/dien-thoai-tcl-50se.html
TCL 40SE 6GB 256GB,3990000.0,,,https://cellphones.com.vn/tcl-40-se-256gb.html
Xiaomi Redmi Note 13 8GB 128GB,,,,https://cellphones.com.vn/xiaomi-redmi-note-13-8gb.html
Xiaomi Redmi A4,,,,https://cellphones.com.vn/dien-thoai-xiaomi-redmi-a4.html
Realme 9i 5G,,,,https://cellphones.com.vn/realme-9i-5g.html
vivo Y22,,,,https://cellphones.com.vn/vivo-y22.html
Realme V23 5G,,,,https://cellphones.com.vn/realme-v23.html
Huawei P50 Pocket S,,,,https://cellphones.com.vn/huawei-p50-pocket-s.html
Xiaomi Redmi 11 Prime 5G,,,,https://cellphones.com.vn/xiaomi-redmi-11-prime-5g.html
Infinix Zero 30,,,,https://cellphones.com.vn/infinix-zero-30.html
realme C67 8GB 256GB,,,,https://cellphones.com.vn/dien-thoai-realme-c67-8gb-256gb.html
OPPO A98 5G,,,,https://cellphones.com.vn/oppo-a98-5g-63072.html
Vivo S17e,,,,https://cellphones.com.vn/vivo-s17e.html
Xiaomi CIVI 3,,,,https://cellphones.com.vn/xiaomi-civi-3.html
Motorola Moto G13,,,,https://cellphones.com.vn/motorola-moto-g13.html
Realme C55 8GB 128GB,,,,https://cellphones.com.vn/realme-c55-8gb-128gb-54813.html
Doogee V30T,,,,https://cellphones.com.vn/doogee-v30t.html
TECNO Pova 8 8GB 256GB,,,,https://cellphones.com.vn/dien-thoai-tecno-pova-8-8gb-256gb.html
TECNO Spark Go 3,,,,https://cellphones.com.vn/dien-thoai-tecno-spark-go-3-4gb-128gb.html
TECNO CAMON 20 Pro 5G,,,,https://cellphones.com.vn/tecno-camon-20-pro-5g.html
Vivo iQOO 11s,,,,https://cellphones.com.vn/vivo-iqoo-11s.html
Samsung Galaxy F54 5G,,,,https://cellphones.com.vn/samsung-galaxy-f54-5g.html
Xiaomi POCO C51,,,,https://cellphones.com.vn/xiaomi-poco-c51.html
Honor Play 30,,,,https://cellphones.com.vn/honor-play-30.html
Infinix Note 40 5G,,,,https://cellphones.com.vn/dien-thoai-infinix-note-40-5g.html
Tecno Spark 9T,,,,https://cellphones.com.vn/tecno-spark-9t.html
OnePlus Nord N20 SE,,,,https://cellphones.com.vn/oneplus-nord-n20-se.html
Vivo Y77e 5G,,,,https://cellphones.com.vn/vivo-y77e.html
Xiaomii 14 Lite 12GB 512GB,,,,https://cellphones.com.vn/xiaomi-14-lite-12gb-512gb.html
Huawei Nova 9 SE,,,,https://cellphones.com.vn/huawei-nova-9-se-46952.html
Google Pixel 3 XL,,,,https://cellphones.com.vn/google-pixel-3-xl.html
Xiaomi 14 Pro 12GB 256GB,,,,https://cellphones.com.vn/xiaomi-14-pro-12gb-256gb.html
Vivo iQOO Z7,,,,https://cellphones.com.vn/vivo-iqoo-z7.html
Vivo X Fold 3,,,,https://cellphones.com.vn/vivo-x-fold-3.html
Vivo Y22T,,,,https://cellphones.com.vn/vivo-y22t.html
Vivo Y81,,,,https://cellphones.com.vn/vivo-y81.html
Masstel Tab 10A,,,,https://cellphones.com.vn/masstel-tab-10a.html
Masstel x1,,,,https://cellphones.com.vn/masstel-x1.html
masstel x6,,,,https://cellphones.com.vn/masstel-x6.html
Honor Magic V,,,,https://cellphones.com.vn/honor-magic-v.html
realme 10T,,,,https://cellphones.com.vn/realme-10t.html
Honor 70 Lite,,,,https://cellphones.com.vn/honor-70-lite.html
Samsung Galaxy F13,,,,https://cellphones.com.vn/samsung-galaxy-f13.html
Motorola Moto G22,,,,https://cellphones.com.vn/motorola-moto-g22.html
Honor 80,,,,https://cellphones.com.vn/honor-80.html
Tecno Camon 19,,,,https://cellphones.com.vn/tecno-camon-19.html
TCL 408 4GB 128GB,2390000.0,,,https://cellphones.com.vn/tcl-408-128gb.html
Xiaomi POCO F9 Ultra 5G 12GB 512GB,,,,https://cellphones.com.vn/dien-thoai-xiaomi-poco-f9-ultra-12gb-512gb.html
Samsung Galaxy A34 5G 8GB 256GB,,,,https://cellphones.com.vn/samsung-galaxy-a34-8gb-256gb.html
Tecno Spark 30 5G 6GB-128GB,,,,https://cellphones.com.vn/dien-thoai-tecno-spark-30.html
Xiaomi 15 5G 12GB 256GB,,,,https://cellphones.com.vn/dien-thoai-xiaomi-15-5g-12gb-256gb.html
Honor X50i+,,,,https://cellphones.com.vn/honor-x50i-plus.html
Lenovo ThinkPhone,,,,https://cellphones.com.vn/lenovo-thinkphone.html
Huawei Nova Y70 Plus,,,,https://cellphones.com.vn/huawei-nova-y70-plus.html
OnePlus Nord CE 2 Lite 5G,,,,https://cellphones.com.vn/oneplus-nord-ce-2-lite.html
OPPO F27 Pro Plus,,,,https://cellphones.com.vn/dien-thoai-oppo-f27-pro-plus.html
Samsung Galaxy A14 4G 6GB 128GB,,,,https://cellphones.com.vn/samsung-galaxy-a14-4g-6gb-128gb.html
Xiaomi POCO C55,,,,https://cellphones.com.vn/xiaomi-poco-c55.html
vivo Y78+,,,,https://cellphones.com.vn/vivo-y78-plus.html
TECNO CAMON 20 Premier,,,,https://cellphones.com.vn/tecno-camon-20-premier.html
Vivo X80 Lite,,,,https://cellphones.com.vn/vivo-x80-lite.html
Huawei Enjoy 50 Pro,,,,https://cellphones.com.vn/huawei-enjoy-50-pro.html
Xiaomi Redmi K50S Pro,,,,https://cellphones.com.vn/xiaomi-redmi-k50s.html
masstel fami 60,,,,https://cellphones.com.vn/masstel-fami-60.html
Black Shark 5S Pro,,,,https://cellphones.com.vn/xiaomi-black-shark-5s-pro.html
Honor X40i,,,,https://cellphones.com.vn/honor-x40i.html
Tecno Pova Neo 5G,,,,https://cellphones.com.vn/tecno-pova-neo-5g.html
Redmi Note 11R,,,,https://cellphones.com.vn/redmi-note-11r.html
Mobell M331 4G,,,,https://cellphones.com.vn/mobell-m331-4g.html
Samsung Galaxy A35 5G 8GB-256GB,,,,https://cellphones.com.vn/dien-thoai-samsung-galaxy-a35-5g-8gb-256gb.html
Samsung A26 5G 6GB - 128GB,,,,https://cellphones.com.vn/dien-thoai-samsung-galaxy-a26-6gb-128gb.html
Samsung Galaxy F55 5G,,,,https://cellphones.com.vn/dien-thoai-samsung-galaxy-f55-5g.html
vivo Y38 5G,,,,https://cellphones.com.vn/dien-thoai-vivo-y38-5g.html
Xiaomi Redmi Note 13 Pro 5G,,,,https://cellphones.com.vn/xiaomi-redmi-note-13-pro-4g-77602.html
Xiaomi 14T 12GB 256GB,,,,https://cellphones.com.vn/xiaomi-14t-12gb-256gb.html
Tecno Camon 40S,,,,https://cellphones.com.vn/dien-thoai-tecno-camon-40s.html
OPPO Reno13F 5G 8GB-256GB,,,,https://cellphones.com.vn/dien-thoai-oppo-reno13f-5g-8gb-256gb.html
Realme Narzo N53,,,,https://cellphones.com.vn/realme-narzo-n53.html
Vivo V29 Pro,,,,https://cellphones.com.vn/vivo-v29-pro.html
Masstel Izi 25 4G,,,,https://cellphones.com.vn/masstel-izi-25-4g.html
masstel izi 20 4g,,,,https://cellphones.com.vn/masstel-izi-20-4g.html
Masstel Hapi 15,,,,https://cellphones.com.vn/masstel-hapi-15.html
Masstel Izi 55 4g,,,,https://cellphones.com.vn/masstel-izi-55-4g.html
Vivo X Fold Plus,,,,https://cellphones.com.vn/vivo-x-fold-plus.html
Honor Play 7T Pro,,,,https://cellphones.com.vn/honor-play-7t-pro.html
Oppo Reno8 4G,,,,https://cellphones.com.vn/oppo-reno-8-50226.html
Vivo iQOO 9T,,,,https://cellphones.com.vn/vivo-iqoo-9t.html
Nokia T10,,,,https://cellphones.com.vn/nokia-t10.html
Redmi 11A,,,,https://cellphones.com.vn/redmi-11a.html
Xiaomi Redmi Note 11SE,,,,https://cellphones.com.vn/xiaomi-redmi-note-11se.html
Masstel Izi 10,,,,https://cellphones.com.vn/masstel-izi-10.html
Samsung Galaxy F04s,,,,https://cellphones.com.vn/samsung-galaxy-f04s.html
Google Pixel 2,,,,https://cellphones.com.vn/google-pixel-2.html
Xiaomi 14 Lite 8GB 256GB,,,,https://cellphones.com.vn/xiaomi-14-lite-8gb-256gb.html
vivo y12,,,,https://cellphones.com.vn/dien-thoai-vivo-y12.html
Xiaomi Redmi A2+,,,,https://cellphones.com.vn/xiaomi-redmi-a2-plus.html
TECNO SPARK 30 4G 8GB 128GB,,,,https://cellphones.com.vn/dien-thoai-tecno-spark-30-4g.html
OPPO Reno13F 5G 8GB-128GB,,,,https://cellphones.com.vn/dien-thoai-oppo-reno13f-5g-8gb-128gb.html
OPPO Find X7 5G 16GB 256GB,,,,https://cellphones.com.vn/oppo-find-x7-256gb.html
Xiaomi 14 Civi,,,,https://cellphones.com.vn/dien-thoai-xiaomi-14-civi.html
vivo Y18e,,,,https://cellphones.com.vn/dien-thoai-vivo-y18e.html
Xiaomi Redmi Note 13 Pro Plus 4G,,,,https://cellphones.com.vn/xiaomi-redmi-note-13-pro-plus-4g.html
Vivo Y35 plus,,,,https://cellphones.com.vn/vivo-y35-plus.html
vivo X Fold2,,,,https://cellphones.com.vn/vivo-x-fold-2.html
Huawei Nova 11 SE,,,,https://cellphones.com.vn/huawei-pova-11-se.html
OPPO K11x,,,,https://cellphones.com.vn/oppo-k11x.html
Tecno Pop 6 Pro,,,,https://cellphones.com.vn/tecno-pop-6-pro.html
Xiaomi POCO C50,,,,https://cellphones.com.vn/xiaomi-poco-c50.html
Xiaomi Redmi 11 Pro,,,,https://cellphones.com.vn/xiaomi-redmi-11-pro.html
Huawei Nova 10z,,,,https://cellphones.com.vn/huawei-nova-10z.html
Nubia Z40S Pro,,,,https://cellphones.com.vn/nubia-z40s-pro.html
OPPO A57e,,,,https://cellphones.com.vn/oppo-a57e.html
Samsung Galaxy F34 5G,,,,https://cellphones.com.vn/samsung-galaxy-f34.html
Honor X6A,,,,https://cellphones.com.vn/honor-x6a.html
Masstel Izi 26 4G,,,,https://cellphones.com.vn/masstel-izi-26-4g.html
Masstel Izi 11,,,,https://cellphones.com.vn/masstel-izi-11.html
Masstel Hapi 10,,,,https://cellphones.com.vn/masstel-hapi-10.html
Masstel Tab 8 Pro,,,,https://cellphones.com.vn/masstel-tab-8-pro.html
Masstel X5,,,,https://cellphones.com.vn/masstel-x5.html
Masstel Lux 10,,,,https://cellphones.com.vn/masstel-lux-10.html
masstel izi 12 4g,,,,https://cellphones.com.vn/masstel-izi-12-4g.html
Masstel Hapi 30,,,,https://cellphones.com.vn/masstel-hapi-30.html
HTC U11,,,,https://cellphones.com.vn/htc-u11.html
Xiaomi Redmi 13 6GB 128GB - Đã Kích Hoạt,2490000.0,3990000.0,38.0,https://cellphones.com.vn/dien-thoai-xiaomi-redmi-13-6gb-128gb-cu-da-kich-hoat.html
Xiaomi Redmi A7 Pro 4GB 64GB,,,,https://cellphones.com.vn/dien-thoai-xiaomi-redmi-a7-pro-4gb-64gb.html
vivo X200 Ultra,,,,https://cellphones.com.vn/dien-thoai-vivo-x200-ultra.html
HONOR Magic 7 Pro,,,,https://cellphones.com.vn/dien-thoai-honor-magic-7-pro.html
Điện thoại Samsung Galaxy Z Flip mới,,,,https://cellphones.com.vn/dien-thoai-samsung-galaxy-z-flip-moi.html
vivo X100s,,,,https://cellphones.com.vn/dien-thoai-vivo-x100s.html
OPPO Find N4 Flip,,,,https://cellphones.com.vn/dien-thoai-oppo-find-n4-flip.html
Xiaomi 14T Pro 12GB 512GB,,,,https://cellphones.com.vn/xiaomi-14t-pro-12gb-512gb.html
Xiaomi 14T 12GB 512GB,,,,https://cellphones.com.vn/xiaomi-14t-12gb-512gb.html
Xiaomi 14 Lite 12GB 256GB,,,,https://cellphones.com.vn/xiaomii-14-lite-12gb-256gb.html
Xiaomi 14 Ultra 8GB 256GB,,,,https://cellphones.com.vn/xiaomi-14-ultra-8gb-256gb.html
Honor X9C 5G 12GB 256GB,,,,https://cellphones.com.vn/dien-thoai-honor-x9c-5g-12gb-256gb.html
Samsung A56 5G 8GB - 256GB,,,,https://cellphones.com.vn/dien-thoai-samsung-galaxy-a56-8gb-256gb.html
vivo V40 Lite,,,,https://cellphones.com.vn/dien-thoai-vivo-v40-lite.html
Xiaomi 14 16GB - 1TB,,,,https://cellphones.com.vn/xiaomi-14-16gb-1tb.html
Samsung Galaxy Fold5,,,,https://cellphones.com.vn/samsung-galaxy-z-fold-5-512gb-63940.html
OPPO F23 5G,,,,https://cellphones.com.vn/oppo-f23-5g.html
Huawei Nova 7 SE,,,,https://cellphones.com.vn/huawei-nova-7-se.html
Oppo A32,,,,https://cellphones.com.vn/oppo-a32.html
Oppo A52,4990000.0,5990000.0,17.0,https://cellphones.com.vn/oppo-a52.html
Vivo X60 Pro+,,,,https://cellphones.com.vn/vivo-x60-pro-plus.html
Oppo F17 Pro,,,,https://cellphones.com.vn/oppo-f17-pro.html
Oppo F17,,,,https://cellphones.com.vn/oppo-f17.html
Huawei Enjoy 20 Plus,,,,https://cellphones.com.vn/huawei-enjoy-20-plus.html
Huawei Enjoy 20,,,,https://cellphones.com.vn/huawei-enjoy-20.html
Realme X3 Pro,,,,https://cellphones.com.vn/realme-x3-pro.html
Xiaomi 14 8GB 128GB,,,,https://cellphones.com.vn/xiaomi-14-8gb-128gb.html
Tecno Pova Neo 2,,,,https://cellphones.com.vn/tecno-pova-neo-2.html
ZTE Axon 30S,,,,https://cellphones.com.vn/nubia-zte-axon-30s.html
Redmi Note 11 Prime 5G,,,,https://cellphones.com.vn/redmi-note-11-prime-5g.html
Redmi Note 11 SE,,,,https://cellphones.com.vn/redmi-note-11-se.html
vivo iQOO Z6x,,,,https://cellphones.com.vn/vivo-iqoo-z6x.html
OnePlus Ace Pro,,,,https://cellphones.com.vn/oneplus-ace-pro.html
Masstel Izi 55,,,,https://cellphones.com.vn/masstel-izi-55.html
Xiaomi 12S Ultra,,,,https://cellphones.com.vn/xiaomi-12s-ultra.html
Vivo S15e,,,,https://cellphones.com.vn/vivo-s15e.html
Vivo Y73t,,,,https://cellphones.com.vn/vivo-y73t.html
Tecno Pop 5 Pro,,,,https://cellphones.com.vn/tecno-pop-5-pro.html
Vivo Y52t,,,,https://cellphones.com.vn/vivo-y52t.html
Vivo Y32t,,,,https://cellphones.com.vn/vivo-y32t.html
Xiaomi Redmi 11 Prime 4G,,,,https://cellphones.com.vn/xiaomi-redmi-11-prime-4g.html
Masstel Izi 20,,,,https://cellphones.com.vn/masstel-izi-20.html
Xiaomi Mi MIX Fold,,,,https://cellphones.com.vn/xiaomi-mi-mix-fold.html
Realme V13,,,,https://cellphones.com.vn/realme-v13.html
Motorola Moto E13,,,,https://cellphones.com.vn/motorola-moto-e13.html
Xiaomi 12i HyperCharge,,,,https://cellphones.com.vn/xiaomi-12i-hypercharge.html
Vivo T2 5G,,,,https://cellphones.com.vn/vivo-t2.html
OPPO Reno8 Pro Plus,,,,https://cellphones.com.vn/oppo-reno-8-pro-plus.html
Samsung Galaxy Z Silde,,,,https://cellphones.com.vn/samsung-galaxy-z-silde.html
Samsung Galaxy M23,,,,https://cellphones.com.vn/samsung-galaxy-m23.html
Xiaomi Civi 2,,,,https://cellphones.com.vn/xiaomi-civi-2.html
vivo X Fold,,,,https://cellphones.com.vn/vivo-x-fold.html
OnePlus 10 Ultra,,,,https://cellphones.com.vn/oneplus-10-ultra.html
Redmi K50i 5G,,,,https://cellphones.com.vn/xiaomi-redmi-k50i.html
Xiaomi Civi,,,,https://cellphones.com.vn/xiaomi-civi.html
Xiaomi 12 Ultra,,,,https://cellphones.com.vn/xiaomi-mi-12-ultra.html
Vsmart Live 6GB,3790000.0,,,https://cellphones.com.vn/vsmart-live-ram-6gb.html
Huawei Y6S 2019,,,,https://cellphones.com.vn/huawei-y6-s-2019.html
Huawei P30 Lite,7490000.0,,,https://cellphones.com.vn/huawei-p30-lite-1.html
Huawei P30 Pro,23990000.0,,,https://cellphones.com.vn/huawei-p30-pro-1.html
Huawei P30,17990000.0,,,https://cellphones.com.vn/huawei-p30-1.html
OPPO Reno9 Lite,,,,https://cellphones.com.vn/oppo-reno9-lite.html
Bphone B86s,,,,https://cellphones.com.vn/bphone-b86s.html
Oppo K9s,,,,https://cellphones.com.vn/oppo-k9s.html
Realme Note 9 Prime,,,,https://cellphones.com.vn/realme-note-9-prime.html
Oppo K9 Pro,,,,https://cellphones.com.vn/oppo-k9-pro.html
Realme GT Neo 2,,,,https://cellphones.com.vn/realme-gt-neo-2.html
Oppo F19s,,,,https://cellphones.com.vn/oppo-f19s.html
Realme Narzo 50i,,,,https://cellphones.com.vn/realme-narzo-50i.html
Xiaomi F9S,,,,https://cellphones.com.vn/xiaomi-f9-lite.html
Mobell F209 4G,,,,https://cellphones.com.vn/mobell-f209-4g.html
HTC U23 Pro,,,,https://cellphones.com.vn/htc-u23-pro.html
HTC A102,,,,https://cellphones.com.vn/htc-a102.html
Sharp Rouvo V,,,,https://cellphones.com.vn/sharp-rouvo-v.html
Xiaomi Redmi Note 9 Pro,5750000.0,6490000.0,11.0,https://cellphones.com.vn/xiaomi-redmi-note-9-pro.html
Xiaomi Poco F7 Ultra,,,,https://cellphones.com.vn/dien-thoai-xiaomi-poco-f7-ultra.html
TECNO POP 20C,,,,https://cellphones.com.vn/dien-thoai-tecno-pop-20c.html
TECNO Spark 50S 5G,,,,https://cellphones.com.vn/dien-thoai-tecno-spark-50s-5g.html
Samsung Galaxy A57 12GB 256GB,,,,https://cellphones.com.vn/dien-thoai-samsung-galaxy-a57-12gb-256gb.html
Samsung Galaxy A57 8GB 256GB,,,,https://cellphones.com.vn/dien-thoai-samsung-galaxy-a57-8gb-256gb.html
Samsung Galaxy M35 5G 8GB 256GB,8490000.0,,,https://cellphones.com.vn/dien-thoai-samsung-galaxy-m35.html
Samsung Galaxy A50s,6990000.0,,,https://cellphones.com.vn/samsung-galaxy-a50s.html
Samsung Galaxy M21s,,,,https://cellphones.com.vn/samsung-galaxy-m21s.html
Xiaomi 18 Fold,,,,https://cellphones.com.vn/dien-thoai-xiaomi-18-fold.html
Camon Slim 4G 8GB 256GB,,,,https://cellphones.com.vn/dien-thoai-tecno-camon-slim-4g-8gb-256gb.html
Xiaomi Redmi 13X,,,,https://cellphones.com.vn/dien-thoai-xiaomi-redmi-13x.html
Infinix Smart 9 3GB 64GB,,,,https://cellphones.com.vn/dien-thoai-infinix-smart-9.html
Nothing Phone 3,,,,https://cellphones.com.vn/dien-thoai-nothing-phone-3.html
OPPO Find X8 mini,,,,https://cellphones.com.vn/dien-thoai-oppo-find-x8-mini.html
Honor Power,,,,https://cellphones.com.vn/dien-thoai-honor-power.html
Xiaomi 14 Ultra 12GB 256GB,,,,https://cellphones.com.vn/xiaomi-14-ultra-12gb-256gb.html
Xiaomi 14 Pro 8GB 256GB,,,,https://cellphones.com.vn/xiaomi-14-pro-8gb-256gb.html
Xiaomi 14 12GB 512GB,,,,https://cellphones.com.vn/xiaomi-14-12gb-512gb.html
OnePlus 10R,,,,https://cellphones.com.vn/oneplus-10r.html
Samsung Galaxy M53 5G,,,,https://cellphones.com.vn/samsung-galaxy-m53.html
OnePlus 10,,,,https://cellphones.com.vn/oneplus-10.html
Xiaomi Poco C40,,,,https://cellphones.com.vn/xiaomi-poco-c40.html
Vivo S15 Pro,,,,https://cellphones.com.vn/vivo-s15-pro.html
OnePlus Ace,,,,https://cellphones.com.vn/oneplus-ace.html
OnePlus Nord 2T,,,,https://cellphones.com.vn/oneplus-nord-2t.html
Realme X7 Pro,,,,https://cellphones.com.vn/realme-x7-pro.html
Huawei Mate X2,,,,https://cellphones.com.vn/huawei-mate-x2.html
Samsung Galaxy M31s,,,,https://cellphones.com.vn/samsung-galaxy-m31s.html
Samsung Galaxy M51,,,,https://cellphones.com.vn/samsung-galaxy-m51.html
Huawei Enjoy 20 Pro,,,,https://cellphones.com.vn/huawei-enjoy-20-pro.html
masstel izi 230,,,,https://cellphones.com.vn/masstel-izi-230.html
Bphone B40,,,,https://cellphones.com.vn/bphone-4.html
Nokia 7.2,6190000.0,,,https://cellphones.com.vn/nokia-72.html
Vsmart Joy 2 Plus 2GB,1990000.0,,,https://cellphones.com.vn/vsmart-joy-2-plus-ram-2gb.html
Oppo F11 Pro 128GB,8490000.0,,,https://cellphones.com.vn/oppo-f11-pro-128-gb.html
OPPO Reno13F 4G 12GB-512GB,,,,https://cellphones.com.vn/dien-thoai-oppo-reno13f-4g-12gb-512gb.html
OPPO Reno13F 4G - 8GB-128GB,,,,https://cellphones.com.vn/dien-thoai-oppo-reno13f-4g-8gb-128gb.html
Xiaomi Redmi Note 14 Pro Plus 8GB 128GB,,,,https://cellphones.com.vn/dien-thoai-xiaomi-redmi-note-14-pro-plus-8gb-128gb.html
Xiaomi Redmi Note 14 Pro Plus 6GB 128GB,,,,https://cellphones.com.vn/dien-thoai-xiaomi-redmi-note-14-pro-plus-6gb-128gb.html
OPPO Find X7 Ultra 16GB 256GB,,,,https://cellphones.com.vn/oppo-find-x7-ultra-16gb.html
Điện thoại Samsung Galaxy Z Fold mới,,,,https://cellphones.com.vn/dien-thoai-samsung-galaxy-z-fold-moi.html
OPPO Reno12 FS 5G,,,,https://cellphones.com.vn/dien-thoai-oppo-reno12-fs-5g.html
vivo Y36t,,,,https://cellphones.com.vn/dien-thoai-vivo-y36t.html
Xiaomi 11i HyperCharge,,,,https://cellphones.com.vn/xiaomi-11i-hypercharge.html
Xiaomi Mi 11X,,,,https://cellphones.com.vn/xiaomi-mi-11x.html
Vivo Y11 4G,,,,https://cellphones.com.vn/vivo-y11-4g.html
Vivo Y77T,,,,https://cellphones.com.vn/vivo-y77t.html
Vivo Y100A,,,,https://cellphones.com.vn/vivo-y100a.html
masstel izi 300,,,,https://cellphones.com.vn/masstel-izi-300.html
Oppo Reno4 SE,,,,https://cellphones.com.vn/oppo-reno-4-se.html
Realme V3,,,,https://cellphones.com.vn/realme-v3.html
Xiaomi Mi 10T Lite,,,,https://cellphones.com.vn/xiaomi-mi-10t-lite.html
vivo S15,,,,https://cellphones.com.vn/vivo-s15.html
Redmi A1+,,,,https://cellphones.com.vn/redmi-a1-plus.html
Realme 10 8GB 256GB,,,,https://cellphones.com.vn/realme-10-8gb-256gb.html
Vivo Y10,,,,https://cellphones.com.vn/vivo-y10.html
Vivo Y21e,,,,https://cellphones.com.vn/vivo-y21e.html
Nokia G400,,,,https://cellphones.com.vn/nokia-g400.html
Oppo Reno5 Lite,,,,https://cellphones.com.vn/oppo-reno-5-lite.html
Huawei P50 Pro+,,,,https://cellphones.com.vn/huawei-p50-pro-plus.html
Samsung Galaxy M42,,,,https://cellphones.com.vn/samsung-galaxy-m42.html
ASUS ZenFone Max Pro M2 3GB,5290000.0,,,https://cellphones.com.vn/asus-zenfone-max-pro-m2-3-gb-ram-chinh-hang.html
Nokia 3.2,3290000.0,,,https://cellphones.com.vn/dien-thoai-nokia-32.html
Oppo A92,5740000.0,6490000.0,12.0,https://cellphones.com.vn/oppo-a92.html
Vsmart Joy 3 2GB,2090000.0,2290000.0,9.0,https://cellphones.com.vn/vsmart-joy-3.html
Samsung Galaxy S 2019,20990000.0,,,https://cellphones.com.vn/samsung-galaxy-s-2019.html
Oppo A31,4190000.0,,,https://cellphones.com.vn/oppo-a31-2020.html
HONOR X7e 8GB 128GB,,,,https://cellphones.com.vn/dien-thoai-honor-x7e.html
Google Pixel 8A,,,,https://cellphones.com.vn/dien-thoai-google-pixel-8a.html
Google Pixel 3,,,,https://cellphones.com.vn/google-pixel-3.html
Google Pixel 2 XL,,,,https://cellphones.com.vn/google-pixel-2-xl.html
Mobell M139 4G,,,,https://cellphones.com.vn/mobell-m139-4g.html
Xiaomi Redmi 11,,,,https://cellphones.com.vn/xiaomi-redmi-11.html
realme C65 8GB 128GB,4430000.0,,,https://cellphones.com.vn/dien-thoai-realme-c65-8gb-128gb.html
Samsung Galaxy A37 6GB 128GB,,,,https://cellphones.com.vn/dien-thoai-samsung-galaxy-a37-6gb-128gb.html
Samsung Galaxy A37 8GB 256GB,,,,https://cellphones.com.vn/dien-thoai-samsung-galaxy-a37-8gb-256gb.html
Samsung Galaxy XCover6 Pro,,,,https://cellphones.com.vn/samsung-galaxy-xcover6-pro.html
Samsung Galaxy A70,9290000.0,,,https://cellphones.com.vn/samsung-galaxy-a70.html
Samsung Galaxy S8 Chính hãng,15990000.0,,,https://cellphones.com.vn/galaxy-s8-cty.html
