,iPhone 17 Pro 256,iPhone 17 Pro Max 256,iPhone 16 Plus 128,iPad Air 11 M3 128,Galaxy S25 256,Galaxy Z Fold7 256,Galaxy A07 128,Galaxy A17 128,Redmi Note 15 128,Redmi Note 14 128,OPPO A3 128,Galaxy Tab A11 64
iPhone 17 Pro 256,0.0,0.1587437776235372,0.7152899079741584,1.5561729086601253,1.7974133541910267,0.7218834256632883,1.8620645751480556,2.8523389195566,1.783462806222797,1.8436989924660052,1.7746563779055282,2.3546463818744545
iPhone 17 Pro Max 256,0.1587437776235372,0.0,0.8294798134909717,1.6397529518650484,1.8836691750928674,0.6040515220205807,2.0091777290060793,2.9463802153274794,1.9355149991625846,1.9936861689837462,1.9310085868353069,2.478934798695918
iPhone 16 Plus 128,0.7152899079741584,0.8294798134909717,0.0,0.927233948897351,1.2262485710092903,1.0899579548382,1.2576864185762848,2.205433067673069,1.225501963253706,1.6017123968955378,1.3117102480375442,1.6715088428532519
iPad Air 11 M3 128,1.5561729086601253,1.6397529518650484,0.927233948897351,0.0,0.4051495795270746,1.6268107833608751,1.159687654149356,1.3238748906976006,1.288902997844069,2.111283040691421,1.5615852336271596,1.067283198758864
Galaxy S25 256,1.7974133541910267,1.8836691750928674,1.2262485710092903,0.4051495795270746,0.0,1.8553818909813884,1.2240997280195283,1.0958545262495019,1.3842370019263572,2.267149688120248,1.6808855358799857,1.0056237642388326
Galaxy Z Fold7 256,0.7218834256632883,0.6040515220205807,1.0899579548382,1.6268107833608751,1.8553818909813884,0.0,2.316102964362901,2.9132161346577403,2.29298977585936,2.527440713870848,2.3597326035341863,2.621649744288341
Galaxy A07 128,1.8620645751480556,2.0091777290060793,1.2576864185762848,1.159687654149356,1.2240997280195283,2.316102964362901,0.0,1.6557084645407507,0.22089258872004083,1.2130493355599707,0.5521953298433474,0.7924711166171573
Galaxy A17 128,2.8523389195566,2.9463802153274794,2.205433067673069,1.3238748906976006,1.0958545262495019,2.9132161346577403,1.6557084645407507,0.0,1.8755566115030278,2.868435727022977,2.2078816648419064,0.9116941475225097
Redmi Note 15 128,1.783462806222797,1.9355149991625846,1.225501963253706,1.288902997844069,1.3842370019263572,2.29298977585936,0.22089258872004083,1.8755566115030278,0.0,0.9928802626587855,0.33367976432979735,1.0098166240527005
Redmi Note 14 128,1.8436989924660052,1.9936861689837462,1.6017123968955378,2.111283040691421,2.267149688120248,2.527440713870848,1.2130493355599707,2.868435727022977,0.9928802626587855,0.0,0.6616916792356485,1.9920068802213062
OPPO A3 128,1.7746563779055282,1.9310085868353069,1.3117102480375442,1.5615852336271596,1.6808855358799857,2.3597326035341863,0.5521953298433474,2.2078816648419064,0.33367976432979735,0.6616916792356485,0.0,1.333367978945929
Galaxy Tab A11 64,2.3546463818744545,2.478934798695918,1.6715088428532519,1.067283198758864,1.0056237642388326,2.621649744288341,0.7924711166171573,0.9116941475225097,1.0098166240527005,1.9920068802213062,1.333367978945929,0.0
