,A,B,Euclidean,Manhattan,rank_E,rank_M
0,iPhone 17 Pro 256,iPhone 17 Pro Max 256,0.1587437776235372,0.1587437776235372,1.0,1.0
1,iPhone 17 Pro 256,iPhone 16 Plus 128,0.7152899079741584,1.2178092268081415,8.0,13.0
2,iPhone 17 Pro 256,iPad Air 11 M3 128,1.5561729086601253,2.3856569394891047,31.0,39.0
3,iPhone 17 Pro 256,Galaxy S25 256,1.7974133541910267,2.4644045078940584,41.0,41.0
4,iPhone 17 Pro 256,Galaxy Z Fold7 256,0.7218834256632883,1.0125320559240316,9.0,8.0
5,iPhone 17 Pro 256,Galaxy A07 128,1.8620645751480556,2.6765379205113797,44.0,51.0
6,iPhone 17 Pro 256,Galaxy A17 128,2.8523389195566,4.25429511904945,63.0,64.0
7,iPhone 17 Pro 256,Redmi Note 15 128,1.783462806222797,2.4433111900618476,40.0,40.0
8,iPhone 17 Pro 256,Redmi Note 14 128,1.8436989924660052,2.5853235597063797,42.0,47.0
9,iPhone 17 Pro 256,OPPO A3 128,1.7746563779055282,2.15633363032647,39.0,32.0
10,iPhone 17 Pro 256,Galaxy Tab A11 64,2.3546463818744545,3.697066080205861,58.0,61.0
11,iPhone 17 Pro Max 256,iPhone 16 Plus 128,0.8294798134909717,1.376553004431679,11.0,19.0
12,iPhone 17 Pro Max 256,iPad Air 11 M3 128,1.6397529518650484,2.5444007171126417,35.0,44.0
13,iPhone 17 Pro Max 256,Galaxy S25 256,1.8836691750928674,2.623148285517596,46.0,50.0
14,iPhone 17 Pro Max 256,Galaxy Z Fold7 256,0.6040515220205807,0.8537882783004944,6.0,7.0
15,iPhone 17 Pro Max 256,Galaxy A07 128,2.0091777290060793,2.835281698134917,51.0,54.0
16,iPhone 17 Pro Max 256,Galaxy A17 128,2.9463802153274794,4.413038896672988,66.0,66.0
17,iPhone 17 Pro Max 256,Redmi Note 15 128,1.9355149991625846,2.602054967685385,48.0,49.0
18,iPhone 17 Pro Max 256,Redmi Note 14 128,1.9936861689837462,2.744067337329917,50.0,52.0
19,iPhone 17 Pro Max 256,OPPO A3 128,1.9310085868353069,2.3150774079500076,47.0,38.0
20,iPhone 17 Pro Max 256,Galaxy Tab A11 64,2.478934798695918,3.855809857829398,60.0,63.0
21,iPhone 16 Plus 128,iPad Air 11 M3 128,0.927233948897351,1.1678477126809632,13.0,11.0
22,iPhone 16 Plus 128,Galaxy S25 256,1.2262485710092903,1.8476421560023815,24.0,28.0
23,iPhone 16 Plus 128,Galaxy Z Fold7 256,1.0899579548382,1.348232369773577,18.0,18.0
24,iPhone 16 Plus 128,Galaxy A07 128,1.2576864185762848,1.4587286937032382,25.0,21.0
25,iPhone 16 Plus 128,Galaxy A17 128,2.205433067673069,3.0364858922413083,53.0,58.0
26,iPhone 16 Plus 128,Redmi Note 15 128,1.225501963253706,1.225501963253706,23.0,14.0
27,iPhone 16 Plus 128,Redmi Note 14 128,1.6017123968955378,2.2496232458568346,33.0,36.0
28,iPhone 16 Plus 128,OPPO A3 128,1.3117102480375442,1.600106088237276,27.0,23.0
29,iPhone 16 Plus 128,Galaxy Tab A11 64,1.6715088428532519,2.479256853397719,37.0,42.0
30,iPad Air 11 M3 128,Galaxy S25 256,0.4051495795270746,0.6797944433214185,4.0,6.0
31,iPad Air 11 M3 128,Galaxy Z Fold7 256,1.6268107833608751,2.5160800824545397,34.0,43.0
32,iPad Air 11 M3 128,Galaxy A07 128,1.159687654149356,1.6140443504601696,20.0,24.0
33,iPad Air 11 M3 128,Galaxy A17 128,1.3238748906976006,1.8686381795603455,28.0,29.0
34,iPad Air 11 M3 128,Redmi Note 15 128,1.288902997844069,1.8218720764899357,26.0,27.0
35,iPad Air 11 M3 128,Redmi Note 14 128,2.111283040691421,2.845993359093064,52.0,55.0
36,iPad Air 11 M3 128,OPPO A3 128,1.5615852336271596,2.1964762014735055,32.0,34.0
37,iPad Air 11 M3 128,Galaxy Tab A11 64,1.067283198758864,1.311409140716756,17.0,17.0
38,Galaxy S25 256,Galaxy Z Fold7 256,1.8553818909813884,2.594827650859494,43.0,48.0
39,Galaxy S25 256,Galaxy A07 128,1.2240997280195283,1.9763512385345139,22.0,31.0
40,Galaxy S25 256,Galaxy A17 128,1.0958545262495019,1.7898906111553914,19.0,26.0
41,Galaxy S25 256,Redmi Note 15 128,1.3842370019263572,2.18417896456428,30.0,33.0
42,Galaxy S25 256,Redmi Note 14 128,2.267149688120248,3.2083002471674087,55.0,59.0
43,Galaxy S25 256,OPPO A3 128,1.6808855358799857,2.55878308954785,38.0,45.0
44,Galaxy S25 256,Galaxy Tab A11 64,1.0056237642388326,1.4531888005514513,15.0,20.0
45,Galaxy Z Fold7 256,Galaxy A07 128,2.316102964362901,2.806961063476815,57.0,53.0
46,Galaxy Z Fold7 256,Galaxy A17 128,2.9132161346577403,4.384718262014886,65.0,65.0
47,Galaxy Z Fold7 256,Redmi Note 15 128,2.29298977585936,2.573734333027283,56.0,46.0
48,Galaxy Z Fold7 256,Redmi Note 14 128,2.527440713870848,3.5978556156304116,61.0,60.0
49,Galaxy Z Fold7 256,OPPO A3 128,2.3597326035341863,2.948338458010853,59.0,56.0
50,Galaxy Z Fold7 256,Galaxy Tab A11 64,2.621649744288341,3.827489223171296,62.0,62.0
51,Galaxy A07 128,Galaxy A17 128,1.6557084645407507,1.7301512250566657,36.0,25.0
52,Galaxy A07 128,Redmi Note 15 128,0.22089258872004083,0.23322673044953202,2.0,2.0
53,Galaxy A07 128,Redmi Note 14 128,1.2130493355599707,1.2319490086328946,21.0,15.0
54,Galaxy A07 128,OPPO A3 128,0.5521953298433474,0.582431851013336,5.0,4.0
55,Galaxy A07 128,Galaxy Tab A11 64,0.7924711166171573,1.020528159694481,10.0,9.0
56,Galaxy A17 128,Redmi Note 15 128,1.8755566115030278,1.937978951086432,45.0,30.0
57,Galaxy A17 128,Redmi Note 14 128,2.868435727022977,2.9621002336895605,64.0,57.0
58,Galaxy A17 128,OPPO A3 128,2.2078816648419064,2.312583076070002,54.0,37.0
59,Galaxy A17 128,Galaxy Tab A11 64,0.9116941475225097,1.2069887870736031,12.0,12.0
60,Redmi Note 15 128,Redmi Note 14 128,0.9928802626587855,1.0241212826031283,14.0,10.0
61,Redmi Note 15 128,OPPO A3 128,0.33367976432979735,0.3746041249835699,3.0,3.0
62,Redmi Note 15 128,Galaxy Tab A11 64,1.0098166240527005,1.253754890144013,16.0,16.0
63,Redmi Note 14 128,OPPO A3 128,0.6616916792356485,0.6736462118183361,7.0,5.0
64,Redmi Note 14 128,Galaxy Tab A11 64,1.9920068802213062,2.214378661697727,49.0,35.0
65,OPPO A3 128,Galaxy Tab A11 64,1.333367978945929,1.5407324498793904,29.0,22.0
