,price_sale,storage_gb,discount
iPhone 17 Pro 256,0.8619406139891765,-0.2352848079100077,-0.6031419692354404
iPhone 17 Pro Max 256,1.0206843916127137,-0.2352848079100077,-0.6031419692354404
iPhone 16 Plus 128,0.3857092811185654,-0.53580824536824,-0.16208751275614217
iPad Air 11 M3 128,0.0999704813961987,-0.53580824536824,0.7200214002024542
Galaxy S25 256,-0.05877329622733836,-0.2352848079100077,0.9405486284421033
Galaxy Z Fold7 256,1.43341821343391,-0.2352848079100077,-0.16208751275614217
Galaxy A07 128,-0.8524921843450236,-0.53580824536824,0.05843971548350694
Galaxy A17 128,-0.7762951710857259,-0.53580824536824,1.712393927280875
Redmi Note 15 128,-0.8397926821351407,-0.53580824536824,-0.16208751275614217
Redmi Note 14 128,-0.8715414376598482,-0.53580824536824,-1.154460039834563
OPPO A3 128,-0.8836059647592369,-0.53580824536824,-0.4928783551156158
Galaxy Tab A11 64,-0.9509133264716166,-0.6860699640973562,0.8302850143222787
